IGHVgene,Freq.PRE,Freq.POST,Cohort,Isotype
IGHV4-30-4,0.814791601,0.535077289,Measles,IGHD/IGHM
IGHV4-31,3.102475713,3.180737218,Measles,IGHD/IGHM
IGHV4-34,13.38138515,10.19619501,Measles,IGHD/IGHM
IGHV4-38-2,1.347539956,0.624256837,Measles,IGHD/IGHM
IGHV4-39,4.199310561,6.866825208,Measles,IGHD/IGHM
IGHV4-4,2.632403635,3.091557669,Measles,IGHD/IGHM
IGHV4-59,5.139454716,6.569560048,Measles,IGHD/IGHM
IGHV4-61,2.256345973,2.824019025,Measles,IGHD/IGHM
IGHV5-10-1,0,0,Measles,IGHD/IGHM
IGHV5-51,0.125352554,0.208085612,Measles,IGHD/IGHM
IGHV6-1,2.005640865,2.764565993,Measles,IGHD/IGHM
IGHV7-4-1,0,0.029726516,Measles,IGHD/IGHM
IGHV7-81,0,0,Measles,IGHD/IGHM
IGHV1-18,10.9056722,7.282996433,Measles,IGHD/IGHM
IGHV1-2,8.42995926,5.94530321,Measles,IGHD/IGHM
IGHV1-24,3.290504544,1.456599287,Measles,IGHD/IGHM
IGHV1-3,0.344719524,0.14863258,Measles,IGHD/IGHM
IGHV1-45,0,0,Measles,IGHD/IGHM
IGHV1-46,1.002820432,0.356718193,Measles,IGHD/IGHM
IGHV1-58,1.096834848,0.505350773,Measles,IGHD/IGHM
IGHV1-69,2.94578502,0.98097503,Measles,IGHD/IGHM
IGHV1-69-2,0,0,Measles,IGHD/IGHM
IGHV1-8,3.917267314,5.618311534,Measles,IGHD/IGHM
IGHV2-26,0.031338139,0.029726516,Measles,IGHD/IGHM
IGHV2-5,3.697900345,4.875148633,Measles,IGHD/IGHM
IGHV2-70,0.62676277,0.594530321,Measles,IGHD/IGHM
IGHV2-70D,0.031338139,0.237812128,Measles,IGHD/IGHM
IGHV3-11,1.002820432,1.575505351,Measles,IGHD/IGHM
IGHV3-13,0.313381385,0.416171225,Measles,IGHD/IGHM
IGHV3-15,1.065496709,1.248513674,Measles,IGHD/IGHM
IGHV3-20,0.094014416,0.029726516,Measles,IGHD/IGHM
IGHV3-21,2.162331558,2.051129608,Measles,IGHD/IGHM
IGHV3-23,7.301786274,8.590963139,Measles,IGHD/IGHM
IGHV3-25,0,0,Measles,IGHD/IGHM
IGHV3-30,2.193669696,2.170035672,Measles,IGHD/IGHM
IGHV3-30-3,0.971482294,0.535077289,Measles,IGHD/IGHM
IGHV3-33,2.632403635,3.151010702,Measles,IGHD/IGHM
IGHV3-35,0,0,Measles,IGHD/IGHM
IGHV3-38,0,0,Measles,IGHD/IGHM
IGHV3-38-3,0,0,Measles,IGHD/IGHM
IGHV3-43,0,0.267538644,Measles,IGHD/IGHM
IGHV3-43D,0.094014416,0,Measles,IGHD/IGHM
IGHV3-48,2.287684112,3.002378121,Measles,IGHD/IGHM
IGHV3-49,1.222187402,0.743162901,Measles,IGHD/IGHM
IGHV3-53,0.940144155,1.545778835,Measles,IGHD/IGHM
IGHV3-64,0.156690693,0.297265161,Measles,IGHD/IGHM
IGHV3-64D,0.250705108,0.297265161,Measles,IGHD/IGHM
IGHV3-66,0.532748355,0.624256837,Measles,IGHD/IGHM
IGHV3-7,2.036979003,3.775267539,Measles,IGHD/IGHM
IGHV3-72,0.376057662,0.416171225,Measles,IGHD/IGHM
IGHV3-73,0.250705108,0.386444709,Measles,IGHD/IGHM
IGHV3-74,1.504230649,2.051129608,Measles,IGHD/IGHM
IGHV3-9,0.84612974,1.426872771,Measles,IGHD/IGHM
IGHV3-NL1,0,0,Measles,IGHD/IGHM
IGHV4-28,0.031338139,0.059453032,Measles,IGHD/IGHM
IGHV4-30-2,0.407395801,0.416171225,Measles,IGHD/IGHM
IGHV4-30-4,0.605813479,0.574052813,Measles,IGHM
IGHV4-31,2.394128269,2.529311485,Measles,IGHM
IGHV4-34,7.670530669,6.877326653,Measles,IGHM
IGHV4-38-2,0.849303897,0.921093832,Measles,IGHM
IGHV4-39,5.338148774,5.484813694,Measles,IGHM
IGHV4-4,3.291198229,2.901576036,Measles,IGHM
IGHV4-59,6.696568999,6.623351773,Measles,IGHM
IGHV4-61,2.220539407,2.945934662,Measles,IGHM
IGHV5-10-1,0.039610881,0.021744425,Measles,IGHM
IGHV5-51,0.535911924,0.389660091,Measles,IGHM
IGHV6-1,2.353352362,2.558014125,Measles,IGHM
IGHV7-4-1,0.081551815,0.103503462,Measles,IGHM
IGHV7-81,0,0,Measles,IGHM
IGHV1-18,5.963767694,4.478481717,Measles,IGHM
IGHV1-2,6.666278325,4.89075601,Measles,IGHM
IGHV1-24,1.438807013,0.86368855,Measles,IGHM
IGHV1-3,0.495136017,0.330515256,Measles,IGHM
IGHV1-45,0,0.001739554,Measles,IGHM
IGHV1-46,0.732801305,0.500991546,Measles,IGHM
IGHV1-58,0.639599231,0.347910796,Measles,IGHM
IGHV1-69,2.317236559,0.93588004,Measles,IGHM
IGHV1-69-2,0,0,Measles,IGHM
IGHV1-8,3.200326207,4.332359183,Measles,IGHM
IGHV2-26,0.147958292,0.079149706,Measles,IGHM
IGHV2-5,3.852740723,4.553282538,Measles,IGHM
IGHV2-70,0.68853032,0.435758272,Measles,IGHM
IGHV2-70D,0.108347411,0.272240198,Measles,IGHM
IGHV3-11,1.506378517,1.806526807,Measles,IGHM
IGHV3-13,0.358827984,0.521866194,Measles,IGHM
IGHV3-15,1.781324634,2.087464774,Measles,IGHM
IGHV3-20,0.236500262,0.171346067,Measles,IGHM
IGHV3-21,2.59684278,2.316216122,Measles,IGHM
IGHV3-23,10.11825013,10.77827645,Measles,IGHM
IGHV3-25,0,0,Measles,IGHM
IGHV3-30,3.150230093,2.927669346,Measles,IGHM
IGHV3-30-3,0.753771771,0.828027694,Measles,IGHM
IGHV3-33,3.236442011,3.40604669,Measles,IGHM
IGHV3-35,0.001165026,0.021744425,Measles,IGHM
IGHV3-38,0,0,Measles,IGHM
IGHV3-38-3,0,0,Measles,IGHM
IGHV3-43,0.139803111,0.200048708,Measles,IGHM
IGHV3-43D,0.061746374,0.01739554,Measles,IGHM
IGHV3-48,3.784004194,4.075774971,Measles,IGHM
IGHV3-49,0.877264519,0.755836204,Measles,IGHM
IGHV3-53,1.692782664,2.283164597,Measles,IGHM
IGHV3-64,0.304071766,0.214834916,Measles,IGHM
IGHV3-64D,0.305236792,0.239188672,Measles,IGHM
IGHV3-66,0.681540164,0.705389138,Measles,IGHM
IGHV3-7,4.215063785,5.941446613,Measles,IGHM
IGHV3-72,0.609308557,0.880214313,Measles,IGHM
IGHV3-73,0.470670472,0.811501931,Measles,IGHM
IGHV3-74,2.940525427,3.386911596,Measles,IGHM
IGHV3-9,1.498223335,1.40121073,Measles,IGHM
IGHV3-NL1,0.003495078,0.00869777,Measles,IGHM
IGHV4-28,0.08854197,0.031311972,Measles,IGHM
IGHV4-30-2,0.259800781,0.228751348,Measles,IGHM
IGHV4-30-4,0.80417788,0.915743257,Measles,IGHD
IGHV4-31,2.0504934,3.282458708,Measles,IGHD
IGHV4-34,17.31705754,13.84904871,Measles,IGHD
IGHV4-38-2,0.73369217,0.673217646,Measles,IGHD
IGHV4-39,2.758554402,6.058958812,Measles,IGHD
IGHV4-4,2.367679098,2.960485051,Measles,IGHD
IGHV4-59,4.206715366,5.782981392,Measles,IGHD
IGHV4-61,1.835832372,3.667154506,Measles,IGHD
IGHV5-10-1,0.032038959,0.062722141,Measles,IGHD
IGHV5-51,0.384467512,0.372151369,Measles,IGHD
IGHV6-1,2.249134948,2.538155969,Measles,IGHD
IGHV7-4-1,0.067281815,0.075266569,Measles,IGHD
IGHV7-81,0,0,Measles,IGHD
IGHV1-18,6.840317826,6.615095129,Measles,IGHD
IGHV1-2,6.535947712,6.130043905,Measles,IGHD
IGHV1-24,2.063308984,1.308802007,Measles,IGHD
IGHV1-3,0.349224657,0.271795944,Measles,IGHD
IGHV1-45,0,0.008362952,Measles,IGHD
IGHV1-46,0.711264898,0.451599415,Measles,IGHD
IGHV1-58,0.948353197,0.447417939,Measles,IGHD
IGHV1-69,2.0504934,1.0830023,Measles,IGHD
IGHV1-69-2,0,0,Measles,IGHD
IGHV1-8,2.111367423,4.081120636,Measles,IGHD
IGHV2-26,0.140971421,0.108718378,Measles,IGHD
IGHV2-5,7.961681405,4.737612377,Measles,IGHD
IGHV2-70,0.916314238,0.673217646,Measles,IGHD
IGHV2-70D,0.08650519,0.209073803,Measles,IGHD
IGHV3-11,2.383698577,1.902571608,Measles,IGHD
IGHV3-13,0.297962322,0.280158896,Measles,IGHD
IGHV3-15,0.916314238,1.492786954,Measles,IGHD
IGHV3-20,0.217864924,0.133807234,Measles,IGHD
IGHV3-21,2.053697296,2.60087811,Measles,IGHD
IGHV3-23,4.982058183,6.71963203,Measles,IGHD
IGHV3-25,0,0,Measles,IGHD
IGHV3-30,4.08496732,3.58770646,Measles,IGHD
IGHV3-30-3,0.90670255,0.861384069,Measles,IGHD
IGHV3-33,3.806228374,2.826677817,Measles,IGHD
IGHV3-35,0,0.004181476,Measles,IGHD
IGHV3-38,0,0,Measles,IGHD
IGHV3-38-3,0.003203896,0,Measles,IGHD
IGHV3-43,0.121748046,0.204892327,Measles,IGHD
IGHV3-43D,0.096116878,0.012544428,Measles,IGHD
IGHV3-48,1.601947969,2.220363788,Measles,IGHD
IGHV3-49,6.141868512,0.777754547,Measles,IGHD
IGHV3-53,0.826605152,1.208446582,Measles,IGHD
IGHV3-64,0.08650519,0.263432992,Measles,IGHD
IGHV3-64D,0.217864924,0.183984947,Measles,IGHD
IGHV3-66,0.301166218,0.501777127,Measles,IGHD
IGHV3-7,1.720492118,2.935396195,Measles,IGHD
IGHV3-72,0.272331155,0.426510558,Measles,IGHD
IGHV3-73,0.198641548,0.263432992,Measles,IGHD
IGHV3-74,1.114955786,1.998745557,Measles,IGHD
IGHV3-9,1.255927207,1.781308802,Measles,IGHD
IGHV3-NL1,0.003203896,0.004181476,Measles,IGHD
IGHV4-28,0.025631167,0.037633285,Measles,IGHD
IGHV4-30-2,0.839420736,0.405603178,Measles,IGHD
IGHV4-30-4,0.844948676,0.828904168,Measles,IGHA1
IGHV4-31,1.635872501,2.617747089,Measles,IGHA1
IGHV4-34,5.473797947,5.472534268,Measles,IGHA1
IGHV4-38-2,0.864397623,1.145448389,Measles,IGHA1
IGHV4-39,4.017287952,6.067342943,Measles,IGHA1
IGHV4-4,3.755807672,3.127162439,Measles,IGHA1
IGHV4-59,6.204213938,6.541423124,Measles,IGHA1
IGHV4-61,2.938951918,3.206666569,Measles,IGHA1
IGHV5-10-1,0.006482982,0.036807467,Measles,IGHA1
IGHV5-51,0.881685575,0.426966623,Measles,IGHA1
IGHV6-1,1.128038898,1.487021687,Measles,IGHA1
IGHV7-4-1,0.105888709,0.035335169,Measles,IGHA1
IGHV7-81,0,0,Measles,IGHA1
IGHV1-18,7.775256618,7.390939474,Measles,IGHA1
IGHV1-2,10.31874662,6.308799929,Measles,IGHA1
IGHV1-24,0.838465694,1.235258609,Measles,IGHA1
IGHV1-3,0.69800108,0.216427909,Measles,IGHA1
IGHV1-45,0,0,Measles,IGHA1
IGHV1-46,0.576985413,0.535916727,Measles,IGHA1
IGHV1-58,0.29821718,0.491747766,Measles,IGHA1
IGHV1-69,1.711507293,1.074778051,Measles,IGHA1
IGHV1-69-2,0,0.001472299,Measles,IGHA1
IGHV1-8,4.589951378,3.003489348,Measles,IGHA1
IGHV2-26,0.043219881,0.07950413,Measles,IGHA1
IGHV2-5,5.735278228,4.731968022,Measles,IGHA1
IGHV2-70,1.339816316,0.462301792,Measles,IGHA1
IGHV2-70D,0.064829822,0.728787856,Measles,IGHA1
IGHV3-11,1.635872501,1.662225232,Measles,IGHA1
IGHV3-13,0.58562939,0.527082935,Measles,IGHA1
IGHV3-15,1.50189087,1.591554895,Measles,IGHA1
IGHV3-20,0.669908158,0.376908467,Measles,IGHA1
IGHV3-21,2.763911399,2.66191605,Measles,IGHA1
IGHV3-23,7.53106429,8.495163499,Measles,IGHA1
IGHV3-25,0,0,Measles,IGHA1
IGHV3-30,3.714748784,4.204885087,Measles,IGHA1
IGHV3-30-3,0.44732577,0.739093947,Measles,IGHA1
IGHV3-33,3.481361426,2.314453556,Measles,IGHA1
IGHV3-35,0,0.001472299,Measles,IGHA1
IGHV3-38,0.002160994,0,Measles,IGHA1
IGHV3-38-3,0,0,Measles,IGHA1
IGHV3-43,0.209616424,0.232623195,Measles,IGHA1
IGHV3-43D,0.05834684,0.019139883,Measles,IGHA1
IGHV3-48,3.814154511,4.281444619,Measles,IGHA1
IGHV3-49,1.12371691,0.733204753,Measles,IGHA1
IGHV3-53,1.190707726,1.780009128,Measles,IGHA1
IGHV3-64,0.07995678,0.400465246,Measles,IGHA1
IGHV3-64D,0.116693679,0.170786649,Measles,IGHA1
IGHV3-66,0.432198811,0.44168961,Measles,IGHA1
IGHV3-7,2.813614263,4.368310243,Measles,IGHA1
IGHV3-72,0.559697461,1.0188307,Measles,IGHA1
IGHV3-73,0.611561318,0.484386272,Measles,IGHA1
IGHV3-74,3.02539168,3.693997438,Measles,IGHA1
IGHV3-9,1.558076715,2.123054725,Measles,IGHA1
IGHV3-NL1,0.002160994,0.007361493,Measles,IGHA1
IGHV4-28,0.017287952,0.016195286,Measles,IGHA1
IGHV4-30-2,0.205294435,0.398992948,Measles,IGHA1
IGHV4-30-4,0.464276502,0.540060159,Measles,IGHA2
IGHV4-31,1.025277276,1.688542521,Measles,IGHA2
IGHV4-34,4.36548878,2.450779327,Measles,IGHA2
IGHV4-38-2,1.392829507,1.06986601,Measles,IGHA2
IGHV4-39,4.120453959,6.49097621,Measles,IGHA2
IGHV4-4,3.398246067,3.500136724,Measles,IGHA2
IGHV4-59,7.647665721,5.110062893,Measles,IGHA2
IGHV4-61,3.146762961,2.00300793,Measles,IGHA2
IGHV5-10-1,0.01289657,0.017090511,Measles,IGHA2
IGHV5-51,0.354655662,0.546896363,Measles,IGHA2
IGHV6-1,1.715243745,3.506972929,Measles,IGHA2
IGHV7-4-1,0.148310549,0.085452557,Measles,IGHA2
IGHV7-81,0,0,Measles,IGHA2
IGHV1-18,9.80139283,5.520235165,Measles,IGHA2
IGHV1-2,11.81325767,4.809269893,Measles,IGHA2
IGHV1-24,0.93500129,0.642603227,Measles,IGHA2
IGHV1-3,0.328862523,0.413590375,Measles,IGHA2
IGHV1-45,0,0.003418102,Measles,IGHA2
IGHV1-46,0.793139025,0.581077386,Measles,IGHA2
IGHV1-58,0.760897601,0.249521466,Measles,IGHA2
IGHV1-69,0.909208151,0.649439431,Measles,IGHA2
IGHV1-69-2,0,0,Measles,IGHA2
IGHV1-8,5.532628321,4.911812961,Measles,IGHA2
IGHV2-26,0.090275987,0.082034454,Measles,IGHA2
IGHV2-5,3.623936033,5.97826087,Measles,IGHA2
IGHV2-70,0.25793139,0.413590375,Measles,IGHA2
IGHV2-70D,0.045137993,0.355482636,Measles,IGHA2
IGHV3-11,0.986587568,2.293546623,Measles,IGHA2
IGHV3-13,0.593242198,1.004922067,Measles,IGHA2
IGHV3-15,2.398761929,2.358490566,Measles,IGHA2
IGHV3-20,0.141862265,0.283702488,Measles,IGHA2
IGHV3-21,1.953830281,2.580667214,Measles,IGHA2
IGHV3-23,10.02063451,9.755263877,Measles,IGHA2
IGHV3-25,0,0.003418102,Measles,IGHA2
IGHV3-30,2.1150374,3.797511622,Measles,IGHA2
IGHV3-30-3,0.812483879,0.741728193,Measles,IGHA2
IGHV3-33,1.618519474,1.568908942,Measles,IGHA2
IGHV3-35,0.006448285,0,Measles,IGHA2
IGHV3-38,0,0,Measles,IGHA2
IGHV3-38-3,0,0,Measles,IGHA2
IGHV3-43,0.103172556,0.218758545,Measles,IGHA2
IGHV3-43D,0.01289657,0.034181023,Measles,IGHA2
IGHV3-48,2.205313387,3.171998906,Measles,IGHA2
IGHV3-49,0.644828476,0.953650533,Measles,IGHA2
IGHV3-53,1.257415527,2.293546623,Measles,IGHA2
IGHV3-64,0.12251741,0.396499863,Measles,IGHA2
IGHV3-64D,0.128965695,0.119633579,Measles,IGHA2
IGHV3-66,1.051070415,0.263193875,Measles,IGHA2
IGHV3-7,4.50090276,6.224364233,Measles,IGHA2
IGHV3-72,1.341243229,1.77741318,Measles,IGHA2
IGHV3-73,0.586793913,0.779327317,Measles,IGHA2
IGHV3-74,3.417590921,5.96458846,Measles,IGHA2
IGHV3-9,0.947897859,1.257861635,Measles,IGHA2
IGHV3-NL1,0.01289657,0.006836205,Measles,IGHA2
IGHV4-28,0.006448285,0.116215477,Measles,IGHA2
IGHV4-30-2,0.328862523,0.413590375,Measles,IGHA2
IGHV4-30-4,0.458715596,0.844187168,Measles,IGHG1
IGHV4-31,1.574228524,3.096960926,Measles,IGHG1
IGHV4-34,5.765221018,7.221418234,Measles,IGHG1
IGHV4-38-2,1.042535446,0.868306802,Measles,IGHG1
IGHV4-39,6.68265221,7.086348288,Measles,IGHG1
IGHV4-4,3.148457048,3.26579836,Measles,IGHG1
IGHV4-59,9.560050042,8.625180897,Measles,IGHG1
IGHV4-61,4.170141785,4.052098408,Measles,IGHG1
IGHV5-10-1,0,0.033767487,Measles,IGHG1
IGHV5-51,0.48999166,0.757356488,Measles,IGHG1
IGHV6-1,2.272727273,1.84273999,Measles,IGHG1
IGHV7-4-1,0.125104254,0.125422094,Measles,IGHG1
IGHV7-81,0.010425354,0,Measles,IGHG1
IGHV1-18,11.83277731,9.199228172,Measles,IGHG1
IGHV1-2,8.830275229,6.758321274,Measles,IGHG1
IGHV1-24,1.793160967,1.606367583,Measles,IGHG1
IGHV1-3,0.448290242,0.265315967,Measles,IGHG1
IGHV1-45,0,0,Measles,IGHG1
IGHV1-46,0.500417014,0.564399421,Measles,IGHG1
IGHV1-58,0.385738115,0.279787747,Measles,IGHG1
IGHV1-69,4.263969975,2.961890979,Measles,IGHG1
IGHV1-69-2,0,0,Measles,IGHG1
IGHV1-8,4.535029191,2.223830198,Measles,IGHG1
IGHV2-26,0.041701418,0.082006753,Measles,IGHG1
IGHV2-5,3.565471226,5.706705258,Measles,IGHG1
IGHV2-70,0.510842369,0.762180415,Measles,IGHG1
IGHV2-70D,0.260633862,0.390738061,Measles,IGHG1
IGHV3-11,1.188490409,1.79932465,Measles,IGHG1
IGHV3-13,0.333611343,0.371442354,Measles,IGHG1
IGHV3-15,1.44912427,1.080559575,Measles,IGHG1
IGHV3-20,0.552543786,0.091654607,Measles,IGHG1
IGHV3-21,1.991242702,1.72696575,Measles,IGHG1
IGHV3-23,6.557547957,6.927158707,Measles,IGHG1
IGHV3-25,0,0,Measles,IGHG1
IGHV3-30,2.783569641,3.830197781,Measles,IGHG1
IGHV3-30-3,0.354462052,0.704293295,Measles,IGHG1
IGHV3-33,1.44912427,2.296189098,Measles,IGHG1
IGHV3-35,0,0,Measles,IGHG1
IGHV3-38,0,0,Measles,IGHG1
IGHV3-38-3,0,0,Measles,IGHG1
IGHV3-43,0.260633862,0.289435601,Measles,IGHG1
IGHV3-43D,0.041701418,0.01447178,Measles,IGHG1
IGHV3-48,2.376980817,2.030873131,Measles,IGHG1
IGHV3-49,0.635946622,0.670525808,Measles,IGHG1
IGHV3-53,1.313594662,1.562952243,Measles,IGHG1
IGHV3-64,0.104253545,0.096478534,Measles,IGHG1
IGHV3-64D,0.364887406,0.08683068,Measles,IGHG1
IGHV3-66,0.427439533,0.424505548,Measles,IGHG1
IGHV3-7,2.053794829,2.638687892,Measles,IGHG1
IGHV3-72,0.177231026,0.501688374,Measles,IGHG1
IGHV3-73,0.39616347,0.463096961,Measles,IGHG1
IGHV3-74,0.917431193,2.156295224,Measles,IGHG1
IGHV3-9,1.574228524,1.389290883,Measles,IGHG1
IGHV3-NL1,0.020850709,0.004823927,Measles,IGHG1
IGHV4-28,0,0.019295707,Measles,IGHG1
IGHV4-30-2,0.406588824,0.20260492,Measles,IGHG1
IGHV4-30-4,0.426912568,0.995232918,Measles,IGHG2
IGHV4-31,1.980874317,1.87337961,Measles,IGHG2
IGHV4-34,3.449453552,3.713306013,Measles,IGHG2
IGHV4-38-2,0.56352459,0.652337543,Measles,IGHG2
IGHV4-39,5.857240437,3.746759221,Measles,IGHG2
IGHV4-4,7.667349727,2.60098687,Measles,IGHG2
IGHV4-59,8.521174863,4.775445346,Measles,IGHG2
IGHV4-61,2.271174863,3.253324412,Measles,IGHG2
IGHV5-10-1,0,0.008363302,Measles,IGHG2
IGHV5-51,0.426912568,0.694154052,Measles,IGHG2
IGHV6-1,2.971311475,2.475537342,Measles,IGHG2
IGHV7-4-1,0.136612022,0.18399264,Measles,IGHG2
IGHV7-81,0,0,Measles,IGHG2
IGHV1-18,7.445355191,6.8495442,Measles,IGHG2
IGHV1-2,7.103825137,6.824454295,Measles,IGHG2
IGHV1-24,1.485655738,2.550807059,Measles,IGHG2
IGHV1-3,0.341530055,0.259262357,Measles,IGHG2
IGHV1-45,0,0,Measles,IGHG2
IGHV1-46,0.597677596,0.518524714,Measles,IGHG2
IGHV1-58,0.546448087,0.242535753,Measles,IGHG2
IGHV1-69,2.578551913,1.614117253,Measles,IGHG2
IGHV1-69-2,0,0,Measles,IGHG2
IGHV1-8,7.701502732,6.147026846,Measles,IGHG2
IGHV2-26,0,0.242535753,Measles,IGHG2
IGHV2-5,1.775956284,3.713306013,Measles,IGHG2
IGHV2-70,0.273224044,0.669064147,Measles,IGHG2
IGHV2-70D,0.068306011,0.167266037,Measles,IGHG2
IGHV3-11,1.075819672,1.471941122,Measles,IGHG2
IGHV3-13,0.495218579,0.284352262,Measles,IGHG2
IGHV3-15,1.417349727,2.065735552,Measles,IGHG2
IGHV3-20,0.102459016,0.066906415,Measles,IGHG2
IGHV3-21,1.31489071,1.463577821,Measles,IGHG2
IGHV3-23,6.693989071,8.530567868,Measles,IGHG2
IGHV3-25,0,0,Measles,IGHG2
IGHV3-30,2.134562842,3.997658275,Measles,IGHG2
IGHV3-30-3,0.631830601,1.00359622,Measles,IGHG2
IGHV3-33,1.878415301,2.299908004,Measles,IGHG2
IGHV3-35,0.017076503,0,Measles,IGHG2
IGHV3-38,0,0,Measles,IGHG2
IGHV3-38-3,0,0.008363302,Measles,IGHG2
IGHV3-43,0.085382514,0.125449527,Measles,IGHG2
IGHV3-43D,0,0.008363302,Measles,IGHG2
IGHV3-48,1.827185792,2.567533662,Measles,IGHG2
IGHV3-49,2.066256831,1.27958518,Measles,IGHG2
IGHV3-53,1.605191257,2.090825458,Measles,IGHG2
IGHV3-64,0.051229508,0.100359622,Measles,IGHG2
IGHV3-64D,0.358606557,0.27598896,Measles,IGHG2
IGHV3-66,0.495218579,0.384711884,Measles,IGHG2
IGHV3-7,7.035519126,7.192439575,Measles,IGHG2
IGHV3-72,1.024590164,3.353684034,Measles,IGHG2
IGHV3-73,0.426912568,0.301078866,Measles,IGHG2
IGHV3-74,3.432377049,5.277243456,Measles,IGHG2
IGHV3-9,1.297814208,0.953416409,Measles,IGHG2
IGHV3-NL1,0,0.008363302,Measles,IGHG2
IGHV4-28,0,0,Measles,IGHG2
IGHV4-30-2,0.341530055,0.117086226,Measles,IGHG2
IGHV4-30-4,0,1.895043732,Measles,IGHG3
IGHV4-31,1.61394448,3.411078717,Measles,IGHG3
IGHV4-34,7.424144609,18.68804665,Measles,IGHG3
IGHV4-38-2,0.258231117,1.574344023,Measles,IGHG3
IGHV4-39,13.87992253,12.04081633,Measles,IGHG3
IGHV4-4,1.162040026,1.836734694,Measles,IGHG3
IGHV4-59,11.10393802,7.638483965,Measles,IGHG3
IGHV4-61,2.324080052,4.081632653,Measles,IGHG3
IGHV5-10-1,0.064557779,0,Measles,IGHG3
IGHV5-51,0.451904454,0.29154519,Measles,IGHG3
IGHV6-1,0.968366688,2.915451895,Measles,IGHG3
IGHV7-4-1,0,0,Measles,IGHG3
IGHV7-81,0,0,Measles,IGHG3
IGHV1-18,19.10910265,5.247813411,Measles,IGHG3
IGHV1-2,5.939315688,9.679300292,Measles,IGHG3
IGHV1-24,1.807617818,1.95335277,Measles,IGHG3
IGHV1-3,0.322788896,0.29154519,Measles,IGHG3
IGHV1-45,0.193673338,0.029154519,Measles,IGHG3
IGHV1-46,0.258231117,0.495626822,Measles,IGHG3
IGHV1-58,0.387346675,0.320699708,Measles,IGHG3
IGHV1-69,3.550677857,2.886297376,Measles,IGHG3
IGHV1-69-2,0,0,Measles,IGHG3
IGHV1-8,1.807617818,2.128279883,Measles,IGHG3
IGHV2-26,0,0,Measles,IGHG3
IGHV2-5,1.420271143,1.807580175,Measles,IGHG3
IGHV2-70,0.387346675,0.087463557,Measles,IGHG3
IGHV2-70D,0.064557779,0.029154519,Measles,IGHG3
IGHV3-11,0.322788896,1.020408163,Measles,IGHG3
IGHV3-13,0.129115558,0.116618076,Measles,IGHG3
IGHV3-15,0.322788896,0.874635569,Measles,IGHG3
IGHV3-20,0.129115558,0.087463557,Measles,IGHG3
IGHV3-21,1.549386701,1.370262391,Measles,IGHG3
IGHV3-23,4.712717883,3.994169096,Measles,IGHG3
IGHV3-25,0,0,Measles,IGHG3
IGHV3-30,3.550677857,3.32361516,Measles,IGHG3
IGHV3-30-3,1.872175597,0.524781341,Measles,IGHG3
IGHV3-33,1.67850226,1.982507289,Measles,IGHG3
IGHV3-35,0,0,Measles,IGHG3
IGHV3-38,0,0,Measles,IGHG3
IGHV3-38-3,0,0,Measles,IGHG3
IGHV3-43,0,0.029154519,Measles,IGHG3
IGHV3-43D,0,0,Measles,IGHG3
IGHV3-48,0.645577792,1.020408163,Measles,IGHG3
IGHV3-49,0.774693351,0.379008746,Measles,IGHG3
IGHV3-53,0.645577792,0.466472303,Measles,IGHG3
IGHV3-64,0,0.029154519,Measles,IGHG3
IGHV3-64D,0.064557779,0.087463557,Measles,IGHG3
IGHV3-66,0.516462234,0.466472303,Measles,IGHG3
IGHV3-7,1.097482247,1.982507289,Measles,IGHG3
IGHV3-72,0.064557779,0.29154519,Measles,IGHG3
IGHV3-73,0.516462234,0.174927114,Measles,IGHG3
IGHV3-74,0.645577792,1.545189504,Measles,IGHG3
IGHV3-9,1.67850226,0.466472303,Measles,IGHG3
IGHV3-NL1,0,0.029154519,Measles,IGHG3
IGHV4-28,0.064557779,0,Measles,IGHG3
IGHV4-30-2,4.519044545,0.408163265,Measles,IGHG3
IGHV4-30-4,0,0,Measles,IGHG4
IGHV4-31,0,5.714285714,Measles,IGHG4
IGHV4-34,1.948051948,9.523809524,Measles,IGHG4
IGHV4-38-2,0,3.80952381,Measles,IGHG4
IGHV4-39,0,13.33333333,Measles,IGHG4
IGHV4-4,1.298701299,7.619047619,Measles,IGHG4
IGHV4-59,19.48051948,0.952380952,Measles,IGHG4
IGHV4-61,17.53246753,4.761904762,Measles,IGHG4
IGHV5-10-1,0,0,Measles,IGHG4
IGHV5-51,0.649350649,0,Measles,IGHG4
IGHV6-1,1.948051948,1.904761905,Measles,IGHG4
IGHV7-4-1,0,0.952380952,Measles,IGHG4
IGHV7-81,0,0,Measles,IGHG4
IGHV1-18,3.896103896,7.619047619,Measles,IGHG4
IGHV1-2,5.844155844,4.761904762,Measles,IGHG4
IGHV1-24,5.194805195,0.952380952,Measles,IGHG4
IGHV1-3,0,0,Measles,IGHG4
IGHV1-45,0,0,Measles,IGHG4
IGHV1-46,0,0,Measles,IGHG4
IGHV1-58,0,0,Measles,IGHG4
IGHV1-69,7.142857143,4.761904762,Measles,IGHG4
IGHV1-69-2,0,0,Measles,IGHG4
IGHV1-8,3.246753247,4.761904762,Measles,IGHG4
IGHV2-26,0.649350649,0,Measles,IGHG4
IGHV2-5,3.246753247,0,Measles,IGHG4
IGHV2-70,1.948051948,0,Measles,IGHG4
IGHV2-70D,0,0,Measles,IGHG4
IGHV3-11,0.649350649,0,Measles,IGHG4
IGHV3-13,0,0,Measles,IGHG4
IGHV3-15,1.298701299,0.952380952,Measles,IGHG4
IGHV3-20,0.649350649,0,Measles,IGHG4
IGHV3-21,0.649350649,1.904761905,Measles,IGHG4
IGHV3-23,7.142857143,10.47619048,Measles,IGHG4
IGHV3-25,0,0,Measles,IGHG4
IGHV3-30,0.649350649,0.952380952,Measles,IGHG4
IGHV3-30-3,0,0,Measles,IGHG4
IGHV3-33,0.649350649,2.857142857,Measles,IGHG4
IGHV3-35,0,0,Measles,IGHG4
IGHV3-38,0,0,Measles,IGHG4
IGHV3-38-3,0,0,Measles,IGHG4
IGHV3-43,0,0,Measles,IGHG4
IGHV3-43D,0,0,Measles,IGHG4
IGHV3-48,5.844155844,0,Measles,IGHG4
IGHV3-49,0,0.952380952,Measles,IGHG4
IGHV3-53,0,0.952380952,Measles,IGHG4
IGHV3-64,0,0,Measles,IGHG4
IGHV3-64D,0,0,Measles,IGHG4
IGHV3-66,0,0,Measles,IGHG4
IGHV3-7,5.194805195,1.904761905,Measles,IGHG4
IGHV3-72,0,0,Measles,IGHG4
IGHV3-73,0,0,Measles,IGHG4
IGHV3-74,2.597402597,7.619047619,Measles,IGHG4
IGHV3-9,0,0,Measles,IGHG4
IGHV3-NL1,0,0,Measles,IGHG4
IGHV4-28,0,0,Measles,IGHG4
IGHV4-30-2,0.649350649,0,Measles,IGHG4
IGHV4-30-4,0,0,Measles,IGHE
IGHV4-31,0.806451613,25,Measles,IGHE
IGHV4-34,4.838709677,4,Measles,IGHE
IGHV4-38-2,0.268817204,1,Measles,IGHE
IGHV4-39,3.225806452,0,Measles,IGHE
IGHV4-4,3.225806452,3,Measles,IGHE
IGHV4-59,10.75268817,2,Measles,IGHE
IGHV4-61,3.494623656,0,Measles,IGHE
IGHV5-10-1,0.806451613,2,Measles,IGHE
IGHV5-51,1.344086022,1,Measles,IGHE
IGHV6-1,1.612903226,1,Measles,IGHE
IGHV7-4-1,0,0,Measles,IGHE
IGHV7-81,0,0,Measles,IGHE
IGHV1-18,15.32258065,4,Measles,IGHE
IGHV1-2,4.301075269,3,Measles,IGHE
IGHV1-24,0.806451613,33,Measles,IGHE
IGHV1-3,0,0,Measles,IGHE
IGHV1-45,0,0,Measles,IGHE
IGHV1-46,0.268817204,0,Measles,IGHE
IGHV1-58,0.537634409,0,Measles,IGHE
IGHV1-69,0.537634409,1,Measles,IGHE
IGHV1-69-2,0,0,Measles,IGHE
IGHV1-8,4.838709677,0,Measles,IGHE
IGHV2-26,0,0,Measles,IGHE
IGHV2-5,0.806451613,5,Measles,IGHE
IGHV2-70,0.806451613,0,Measles,IGHE
IGHV2-70D,0,0,Measles,IGHE
IGHV3-11,2.688172043,1,Measles,IGHE
IGHV3-13,0,5,Measles,IGHE
IGHV3-15,1.075268817,0,Measles,IGHE
IGHV3-20,0,0,Measles,IGHE
IGHV3-21,0,0,Measles,IGHE
IGHV3-23,4.032258065,1,Measles,IGHE
IGHV3-25,0,0,Measles,IGHE
IGHV3-30,3.76344086,0,Measles,IGHE
IGHV3-30-3,0.537634409,0,Measles,IGHE
IGHV3-33,11.55913978,1,Measles,IGHE
IGHV3-35,0,0,Measles,IGHE
IGHV3-38,0,0,Measles,IGHE
IGHV3-38-3,0,0,Measles,IGHE
IGHV3-43,0.268817204,0,Measles,IGHE
IGHV3-43D,1.344086022,0,Measles,IGHE
IGHV3-48,1.612903226,2,Measles,IGHE
IGHV3-49,0,2,Measles,IGHE
IGHV3-53,0.806451613,1,Measles,IGHE
IGHV3-64,0,0,Measles,IGHE
IGHV3-64D,0,0,Measles,IGHE
IGHV3-66,7.795698925,0,Measles,IGHE
IGHV3-7,3.76344086,2,Measles,IGHE
IGHV3-72,0.268817204,0,Measles,IGHE
IGHV3-73,0,0,Measles,IGHE
IGHV3-74,1.88172043,0,Measles,IGHE
IGHV3-9,0,0,Measles,IGHE
IGHV3-NL1,0,0,Measles,IGHE
IGHV4-28,0,0,Measles,IGHE
IGHV4-30-2,0,0,Measles,IGHE
IGHV1-18,8.064516129,9.090909091,Uninfected,IGHD/IGHM
IGHV1-2,6.048387097,8.815426997,Uninfected,IGHD/IGHM
IGHV1-24,1.209677419,1.377410468,Uninfected,IGHD/IGHM
IGHV1-3,0,0.550964187,Uninfected,IGHD/IGHM
IGHV1-45,0,0,Uninfected,IGHD/IGHM
IGHV1-46,1.209677419,0.275482094,Uninfected,IGHD/IGHM
IGHV1-58,0.403225806,0.550964187,Uninfected,IGHD/IGHM
IGHV1-69,1.209677419,2.203856749,Uninfected,IGHD/IGHM
IGHV1-69-2,0,0,Uninfected,IGHD/IGHM
IGHV1-8,4.435483871,9.917355372,Uninfected,IGHD/IGHM
IGHV2-26,0,0.275482094,Uninfected,IGHD/IGHM
IGHV2-5,8.064516129,6.336088154,Uninfected,IGHD/IGHM
IGHV2-70,1.209677419,0.550964187,Uninfected,IGHD/IGHM
IGHV2-70D,0,0,Uninfected,IGHD/IGHM
IGHV3-11,0.806451613,1.101928375,Uninfected,IGHD/IGHM
IGHV3-13,0,0.275482094,Uninfected,IGHD/IGHM
IGHV3-15,1.612903226,1.101928375,Uninfected,IGHD/IGHM
IGHV3-20,0.403225806,0,Uninfected,IGHD/IGHM
IGHV3-21,2.016129032,2.479338843,Uninfected,IGHD/IGHM
IGHV3-23,10.48387097,9.090909091,Uninfected,IGHD/IGHM
IGHV3-25,0,0,Uninfected,IGHD/IGHM
IGHV3-30,2.419354839,0.826446281,Uninfected,IGHD/IGHM
IGHV3-30-3,1.612903226,0.826446281,Uninfected,IGHD/IGHM
IGHV3-33,0.806451613,0,Uninfected,IGHD/IGHM
IGHV3-35,0,0,Uninfected,IGHD/IGHM
IGHV3-38,0,0,Uninfected,IGHD/IGHM
IGHV3-38-3,0,0,Uninfected,IGHD/IGHM
IGHV3-43,0,0,Uninfected,IGHD/IGHM
IGHV3-43D,0,0.275482094,Uninfected,IGHD/IGHM
IGHV3-48,1.209677419,2.479338843,Uninfected,IGHD/IGHM
IGHV3-49,0,0,Uninfected,IGHD/IGHM
IGHV3-53,0,0.275482094,Uninfected,IGHD/IGHM
IGHV3-64,0,0.275482094,Uninfected,IGHD/IGHM
IGHV3-64D,0,0,Uninfected,IGHD/IGHM
IGHV3-66,0,0.550964187,Uninfected,IGHD/IGHM
IGHV3-7,4.032258065,2.754820937,Uninfected,IGHD/IGHM
IGHV3-72,0,0.550964187,Uninfected,IGHD/IGHM
IGHV3-73,0,0,Uninfected,IGHD/IGHM
IGHV3-74,0.806451613,0.550964187,Uninfected,IGHD/IGHM
IGHV3-9,2.822580645,2.479338843,Uninfected,IGHD/IGHM
IGHV3-NL1,0,0,Uninfected,IGHD/IGHM
IGHV4-28,0,0.550964187,Uninfected,IGHD/IGHM
IGHV4-30-2,2.016129032,0,Uninfected,IGHD/IGHM
IGHV4-30-4,2.822580645,0.275482094,Uninfected,IGHD/IGHM
IGHV4-31,1.612903226,1.928374656,Uninfected,IGHD/IGHM
IGHV4-34,12.90322581,9.917355372,Uninfected,IGHD/IGHM
IGHV4-38-2,0.403225806,2.203856749,Uninfected,IGHD/IGHM
IGHV4-39,3.225806452,5.785123967,Uninfected,IGHD/IGHM
IGHV4-4,3.629032258,1.652892562,Uninfected,IGHD/IGHM
IGHV4-59,8.064516129,7.438016529,Uninfected,IGHD/IGHM
IGHV4-61,3.629032258,3.581267218,Uninfected,IGHD/IGHM
IGHV5-10-1,0,0,Uninfected,IGHD/IGHM
IGHV5-51,0,0,Uninfected,IGHD/IGHM
IGHV6-1,0.806451613,0.826446281,Uninfected,IGHD/IGHM
IGHV7-4-1,0,0,Uninfected,IGHD/IGHM
IGHV7-81,0,0,Uninfected,IGHD/IGHM
IGHV1-18,7.09211461,3.644229969,Uninfected,IGHM
IGHV1-2,3.303338859,6.048756136,Uninfected,IGHM
IGHV1-24,0.816954771,0.440968467,Uninfected,IGHM
IGHV1-3,0.378877575,0.440968467,Uninfected,IGHM
IGHV1-45,0,0,Uninfected,IGHM
IGHV1-46,1.124792801,0.499209585,Uninfected,IGHM
IGHV1-58,0.22495856,0.216324153,Uninfected,IGHM
IGHV1-69,0.935354014,1.031699809,Uninfected,IGHM
IGHV1-69-2,0,0,Uninfected,IGHM
IGHV1-8,3.682216434,5.782511024,Uninfected,IGHM
IGHV2-26,0.08287947,0.091521757,Uninfected,IGHM
IGHV2-5,5.446365143,6.972293868,Uninfected,IGHM
IGHV2-70,0.686715605,0.274565272,Uninfected,IGHM
IGHV2-70D,0.035519773,0,Uninfected,IGHM
IGHV3-11,1.397111058,1.397786838,Uninfected,IGHM
IGHV3-13,0.295998106,0.490889425,Uninfected,IGHM
IGHV3-15,2.604783329,0.898577253,Uninfected,IGHM
IGHV3-20,0.165758939,0.108162077,Uninfected,IGHM
IGHV3-21,2.000947194,6.531325401,Uninfected,IGHM
IGHV3-23,10.04025574,9.826108661,Uninfected,IGHM
IGHV3-25,0,0,Uninfected,IGHM
IGHV3-30,3.303338859,2.179881854,Uninfected,IGHM
IGHV3-30-3,2.107506512,1.056660288,Uninfected,IGHM
IGHV3-33,2.569263557,2.046759298,Uninfected,IGHM
IGHV3-35,0,0,Uninfected,IGHM
IGHV3-38,0,0.00832016,Uninfected,IGHM
IGHV3-38-3,0,0,Uninfected,IGHM
IGHV3-43,0.118399242,0.091521757,Uninfected,IGHM
IGHV3-43D,0.071039545,0.083201597,Uninfected,IGHM
IGHV3-48,2.285105375,3.419585656,Uninfected,IGHM
IGHV3-49,0.568316363,0.374407189,Uninfected,IGHM
IGHV3-53,1.231352119,1.514269074,Uninfected,IGHM
IGHV3-64,0.118399242,0.141442716,Uninfected,IGHM
IGHV3-64D,0.236798484,0.099841917,Uninfected,IGHM
IGHV3-66,0.899834241,3.344704218,Uninfected,IGHM
IGHV3-7,3.930854843,4.517846743,Uninfected,IGHM
IGHV3-72,0.580156287,0.98177885,Uninfected,IGHM
IGHV3-73,0.556476439,0.482569265,Uninfected,IGHM
IGHV3-74,4.274212645,3.095099426,Uninfected,IGHM
IGHV3-9,1.231352119,2.154921374,Uninfected,IGHM
IGHV3-NL1,0,0.033280639,Uninfected,IGHM
IGHV4-28,0.047359697,0.99841917,Uninfected,IGHM
IGHV4-30-2,0.497276817,0.166403195,Uninfected,IGHM
IGHV4-30-4,1.337911437,0.549130543,Uninfected,IGHM
IGHV4-31,1.645749467,0.890257093,Uninfected,IGHM
IGHV4-34,5.481884916,6.406523005,Uninfected,IGHM
IGHV4-38-2,1.077433104,2.31300441,Uninfected,IGHM
IGHV4-39,8.252427184,4.958815209,Uninfected,IGHM
IGHV4-4,4.155813403,3.719111407,Uninfected,IGHM
IGHV4-59,8.370826427,4.867293452,Uninfected,IGHM
IGHV4-61,1.918067724,2.612530161,Uninfected,IGHM
IGHV5-10-1,0.059199621,0,Uninfected,IGHM
IGHV5-51,0.473596969,0.158083035,Uninfected,IGHM
IGHV6-1,2.225905754,1.946917381,Uninfected,IGHM
IGHV7-4-1,0.059199621,0.091521757,Uninfected,IGHM
IGHV7-81,0,0,Uninfected,IGHM
IGHV1-18,8.088675854,13.59664453,Uninfected,IGHD
IGHV1-2,5.931695626,7.375043691,Uninfected,IGHD
IGHV1-24,2.276812463,1.083537225,Uninfected,IGHD
IGHV1-3,0.659077292,0.349528137,Uninfected,IGHD
IGHV1-45,0,0,Uninfected,IGHD
IGHV1-46,1.977231875,0.489339392,Uninfected,IGHD
IGHV1-58,0.539245057,0.314575323,Uninfected,IGHD
IGHV1-69,1.018573996,1.048584411,Uninfected,IGHD
IGHV1-69-2,0,0,Uninfected,IGHD
IGHV1-8,4.973037747,5.173016428,Uninfected,IGHD
IGHV2-26,0.059916117,0.174764069,Uninfected,IGHD
IGHV2-5,5.512282804,20.27263195,Uninfected,IGHD
IGHV2-70,0.958657879,0.314575323,Uninfected,IGHD
IGHV2-70D,0,0,Uninfected,IGHD
IGHV3-11,1.078490114,0.699056274,Uninfected,IGHD
IGHV3-13,0.299580587,0.139811255,Uninfected,IGHD
IGHV3-15,0.898741762,0.734009088,Uninfected,IGHD
IGHV3-20,0.23966447,0.139811255,Uninfected,IGHD
IGHV3-21,1.797483523,5.1031108,Uninfected,IGHD
IGHV3-23,6.231276213,5.033205173,Uninfected,IGHD
IGHV3-25,0,0,Uninfected,IGHD
IGHV3-30,3.175554224,1.957357567,Uninfected,IGHD
IGHV3-30-3,1.737567406,0.594197833,Uninfected,IGHD
IGHV3-33,1.977231875,0.768961901,Uninfected,IGHD
IGHV3-35,0,0,Uninfected,IGHD
IGHV3-38,0,0,Uninfected,IGHD
IGHV3-38-3,0,0.034952814,Uninfected,IGHD
IGHV3-43,0,0.069905627,Uninfected,IGHD
IGHV3-43D,0.119832235,0.069905627,Uninfected,IGHD
IGHV3-48,1.138406231,1.817546312,Uninfected,IGHD
IGHV3-49,0.299580587,0.489339392,Uninfected,IGHD
IGHV3-53,0.718993409,0.629150647,Uninfected,IGHD
IGHV3-64,0.059916117,0.629150647,Uninfected,IGHD
IGHV3-64D,0.23966447,0,Uninfected,IGHD
IGHV3-66,0.718993409,0.384480951,Uninfected,IGHD
IGHV3-7,1.977231875,1.433065362,Uninfected,IGHD
IGHV3-72,0.419412822,0.349528137,Uninfected,IGHD
IGHV3-73,0.059916117,0.034952814,Uninfected,IGHD
IGHV3-74,0.898741762,0.699056274,Uninfected,IGHD
IGHV3-9,2.935889754,2.411744145,Uninfected,IGHD
IGHV3-NL1,0,0,Uninfected,IGHD
IGHV4-28,0,0.139811255,Uninfected,IGHD
IGHV4-30-2,1.437986818,0.104858441,Uninfected,IGHD
IGHV4-30-4,2.09706411,0.27962251,Uninfected,IGHD
IGHV4-31,2.216896345,2.481649773,Uninfected,IGHD
IGHV4-34,10.96464949,6.186648025,Uninfected,IGHD
IGHV4-38-2,2.396644697,1.048584411,Uninfected,IGHD
IGHV4-39,5.272618334,2.481649773,Uninfected,IGHD
IGHV4-4,3.535050929,1.502970989,Uninfected,IGHD
IGHV4-59,6.231276213,5.66235582,Uninfected,IGHD
IGHV4-61,4.254044338,4.15938483,Uninfected,IGHD
IGHV5-10-1,0,0,Uninfected,IGHD
IGHV5-51,0.479328939,0.104858441,Uninfected,IGHD
IGHV6-1,1.857399641,1.328206921,Uninfected,IGHD
IGHV7-4-1,0.23966447,0.104858441,Uninfected,IGHD
IGHV7-81,0,0,Uninfected,IGHD
IGHV1-18,11.06484236,9.320868848,Uninfected,IGHA1
IGHV1-2,3.256989887,5.664008798,Uninfected,IGHA1
IGHV1-24,0.401546698,1.31976904,Uninfected,IGHA1
IGHV1-3,0.431290898,0.274951883,Uninfected,IGHA1
IGHV1-45,0.0148721,0.013747594,Uninfected,IGHA1
IGHV1-46,0.223081499,1.4160022,Uninfected,IGHA1
IGHV1-58,0.208209399,0.109980753,Uninfected,IGHA1
IGHV1-69,3.955978584,1.635963706,Uninfected,IGHA1
IGHV1-69-2,0,0,Uninfected,IGHA1
IGHV1-8,13.63771565,8.317294473,Uninfected,IGHA1
IGHV2-26,0.0446163,0.082485565,Uninfected,IGHA1
IGHV2-5,1.859012493,1.855925213,Uninfected,IGHA1
IGHV2-70,3.658536585,0.054990377,Uninfected,IGHA1
IGHV2-70D,0,0,Uninfected,IGHA1
IGHV3-11,0.788221297,2.612042892,Uninfected,IGHA1
IGHV3-13,0.594883998,0.426175419,Uninfected,IGHA1
IGHV3-15,0.966686496,1.347264229,Uninfected,IGHA1
IGHV3-20,0.0446163,1.15479791,Uninfected,IGHA1
IGHV3-21,2.929803688,8.097332967,Uninfected,IGHA1
IGHV3-23,6.766805473,8.303546879,Uninfected,IGHA1
IGHV3-25,0,0,Uninfected,IGHA1
IGHV3-30,2.46876859,3.299422601,Uninfected,IGHA1
IGHV3-30-3,0.550267698,0.247456695,Uninfected,IGHA1
IGHV3-33,1.085663296,0.893593621,Uninfected,IGHA1
IGHV3-35,0,0,Uninfected,IGHA1
IGHV3-38,0,0,Uninfected,IGHA1
IGHV3-38-3,0,0,Uninfected,IGHA1
IGHV3-43,0,0.302447072,Uninfected,IGHA1
IGHV3-43D,0.0446163,0,Uninfected,IGHA1
IGHV3-48,1.011302796,1.979653561,Uninfected,IGHA1
IGHV3-49,0.282569899,0.192466318,Uninfected,IGHA1
IGHV3-53,0.698988697,1.182293099,Uninfected,IGHA1
IGHV3-64,0.0446163,0.412427825,Uninfected,IGHA1
IGHV3-64D,0.148720999,0.054990377,Uninfected,IGHA1
IGHV3-66,0.178465199,1.141050316,Uninfected,IGHA1
IGHV3-7,3.093396788,3.203189442,Uninfected,IGHA1
IGHV3-72,0.0594884,0.274951883,Uninfected,IGHA1
IGHV3-73,0.461035098,0.054990377,Uninfected,IGHA1
IGHV3-74,1.308744795,2.254605444,Uninfected,IGHA1
IGHV3-9,0.996430696,1.470992576,Uninfected,IGHA1
IGHV3-NL1,0,0.027495188,Uninfected,IGHA1
IGHV4-28,0,0.123728348,Uninfected,IGHA1
IGHV4-30-2,0.327186199,0.041242783,Uninfected,IGHA1
IGHV4-30-4,1.799524093,0.783612868,Uninfected,IGHA1
IGHV4-31,0.996430696,0.371185043,Uninfected,IGHA1
IGHV4-34,3.078524688,3.464393731,Uninfected,IGHA1
IGHV4-38-2,5.175490779,0.769865274,Uninfected,IGHA1
IGHV4-39,5.01189768,2.694528458,Uninfected,IGHA1
IGHV4-4,3.331350387,5.650261204,Uninfected,IGHA1
IGHV4-59,13.41463415,8.688479516,Uninfected,IGHA1
IGHV4-61,2.037477692,7.272477316,Uninfected,IGHA1
IGHV5-10-1,0.0446163,0,Uninfected,IGHA1
IGHV5-51,0.0892326,0.137475942,Uninfected,IGHA1
IGHV6-1,1.293872695,1.003574374,Uninfected,IGHA1
IGHV7-4-1,0.1189768,0,Uninfected,IGHA1
IGHV7-81,0,0,Uninfected,IGHA1
IGHV1-18,4.683840749,5.886450714,Uninfected,IGHA2
IGHV1-2,1.083138173,9.265064437,Uninfected,IGHA2
IGHV1-24,0.43911007,2.821316614,Uninfected,IGHA2
IGHV1-3,0.409836066,0.208986416,Uninfected,IGHA2
IGHV1-45,0,0,Uninfected,IGHA2
IGHV1-46,0.234192037,0.348310693,Uninfected,IGHA2
IGHV1-58,0,0.243817485,Uninfected,IGHA2
IGHV1-69,4.654566745,0.975269941,Uninfected,IGHA2
IGHV1-69-2,0,0,Uninfected,IGHA2
IGHV1-8,1.8735363,2.786485545,Uninfected,IGHA2
IGHV2-26,0.029274005,0,Uninfected,IGHA2
IGHV2-5,8.782201405,2.333681644,Uninfected,IGHA2
IGHV2-70,0.848946136,0.034831069,Uninfected,IGHA2
IGHV2-70D,0,0,Uninfected,IGHA2
IGHV3-11,1.522248244,2.264019505,Uninfected,IGHA2
IGHV3-13,0.175644028,0.417972832,Uninfected,IGHA2
IGHV3-15,2.985948478,2.298850575,Uninfected,IGHA2
IGHV3-20,0.087822014,0.243817485,Uninfected,IGHA2
IGHV3-21,1.961358314,3.0651341,Uninfected,IGHA2
IGHV3-23,7.142857143,9.613375131,Uninfected,IGHA2
IGHV3-25,0,0,Uninfected,IGHA2
IGHV3-30,5.181498829,3.692093347,Uninfected,IGHA2
IGHV3-30-3,4.274004684,0.417972832,Uninfected,IGHA2
IGHV3-33,1.756440281,3.448275862,Uninfected,IGHA2
IGHV3-35,0,0,Uninfected,IGHA2
IGHV3-38,0,0,Uninfected,IGHA2
IGHV3-38-3,0,0,Uninfected,IGHA2
IGHV3-43,0,0.104493208,Uninfected,IGHA2
IGHV3-43D,0.029274005,0,Uninfected,IGHA2
IGHV3-48,1.112412178,3.970741902,Uninfected,IGHA2
IGHV3-49,0.351288056,1.184256357,Uninfected,IGHA2
IGHV3-53,0.49765808,1.114594218,Uninfected,IGHA2
IGHV3-64,0,1.079763149,Uninfected,IGHA2
IGHV3-64D,0.409836066,0.696621386,Uninfected,IGHA2
IGHV3-66,0.731850117,0.870776733,Uninfected,IGHA2
IGHV3-7,7.406323185,5.747126437,Uninfected,IGHA2
IGHV3-72,0.234192037,0.731452456,Uninfected,IGHA2
IGHV3-73,0.087822014,0.174155347,Uninfected,IGHA2
IGHV3-74,4.596018735,3.55276907,Uninfected,IGHA2
IGHV3-9,0.878220141,1.219087426,Uninfected,IGHA2
IGHV3-NL1,0,0,Uninfected,IGHA2
IGHV4-28,0,0.104493208,Uninfected,IGHA2
IGHV4-30-2,0.292740047,0.069662139,Uninfected,IGHA2
IGHV4-30-4,0.322014052,0.383141762,Uninfected,IGHA2
IGHV4-31,2.341920375,0.383141762,Uninfected,IGHA2
IGHV4-34,6.879391101,2.890978753,Uninfected,IGHA2
IGHV4-38-2,0.878220141,1.393242773,Uninfected,IGHA2
IGHV4-39,6.206088993,1.950539882,Uninfected,IGHA2
IGHV4-4,3.425058548,3.831417625,Uninfected,IGHA2
IGHV4-59,9.836065574,8.011145942,Uninfected,IGHA2
IGHV4-61,0.614754098,7.453848833,Uninfected,IGHA2
IGHV5-10-1,0,0,Uninfected,IGHA2
IGHV5-51,0.058548009,0.139324277,Uninfected,IGHA2
IGHV6-1,4.62529274,2.507836991,Uninfected,IGHA2
IGHV7-4-1,0.058548009,0.069662139,Uninfected,IGHA2
IGHV7-81,0,0,Uninfected,IGHA2
IGHV1-18,6.712734452,10.84497671,Uninfected,IGHG1
IGHV1-2,28.23297137,7.252162342,Uninfected,IGHG1
IGHV1-24,0.987166831,0.798403194,Uninfected,IGHG1
IGHV1-3,1.184600197,1.530272788,Uninfected,IGHG1
IGHV1-45,0,0,Uninfected,IGHG1
IGHV1-46,0.296150049,2.395209581,Uninfected,IGHG1
IGHV1-58,0,0.066533599,Uninfected,IGHG1
IGHV1-69,3.060217177,1.729873586,Uninfected,IGHG1
IGHV1-69-2,0,0,Uninfected,IGHG1
IGHV1-8,4.837117473,9.314703925,Uninfected,IGHG1
IGHV2-26,0.098716683,0,Uninfected,IGHG1
IGHV2-5,2.270483712,4.125083167,Uninfected,IGHG1
IGHV2-70,0.592300099,0.532268796,Uninfected,IGHG1
IGHV2-70D,0,0,Uninfected,IGHG1
IGHV3-11,1.875616979,1.19760479,Uninfected,IGHG1
IGHV3-13,0.394866732,0.266134398,Uninfected,IGHG1
IGHV3-15,1.875616979,0.731869594,Uninfected,IGHG1
IGHV3-20,0.098716683,0.066533599,Uninfected,IGHG1
IGHV3-21,3.15893386,2.661343979,Uninfected,IGHG1
IGHV3-23,3.849950642,5.588822355,Uninfected,IGHG1
IGHV3-25,0,0,Uninfected,IGHG1
IGHV3-30,3.751233959,4.258150366,Uninfected,IGHG1
IGHV3-30-3,0.197433366,0.199600798,Uninfected,IGHG1
IGHV3-33,1.184600197,1.26413839,Uninfected,IGHG1
IGHV3-35,0,0,Uninfected,IGHG1
IGHV3-38,0,0,Uninfected,IGHG1
IGHV3-38-3,0,0,Uninfected,IGHG1
IGHV3-43,0,0.066533599,Uninfected,IGHG1
IGHV3-43D,0.098716683,0,Uninfected,IGHG1
IGHV3-48,0.691016782,0.665335995,Uninfected,IGHG1
IGHV3-49,1.480750247,0.665335995,Uninfected,IGHG1
IGHV3-53,0.098716683,1.064537591,Uninfected,IGHG1
IGHV3-64,0.197433366,0.066533599,Uninfected,IGHG1
IGHV3-64D,0,0.133067199,Uninfected,IGHG1
IGHV3-66,0.296150049,0.399201597,Uninfected,IGHG1
IGHV3-7,2.369200395,5.389221557,Uninfected,IGHG1
IGHV3-72,0,0.532268796,Uninfected,IGHG1
IGHV3-73,0,0.066533599,Uninfected,IGHG1
IGHV3-74,1.283316881,1.19760479,Uninfected,IGHG1
IGHV3-9,0.888450148,1.729873586,Uninfected,IGHG1
IGHV3-NL1,0,0,Uninfected,IGHG1
IGHV4-28,0,0.133067199,Uninfected,IGHG1
IGHV4-30-2,0.197433366,0.199600798,Uninfected,IGHG1
IGHV4-30-4,0.888450148,0.332667997,Uninfected,IGHG1
IGHV4-31,2.86278381,3.459747172,Uninfected,IGHG1
IGHV4-34,5.231984205,1.596806387,Uninfected,IGHG1
IGHV4-38-2,2.467917078,0.998003992,Uninfected,IGHG1
IGHV4-39,5.429417572,2.129075183,Uninfected,IGHG1
IGHV4-4,1.382033564,4.657351963,Uninfected,IGHG1
IGHV4-59,5.330700888,8.848968729,Uninfected,IGHG1
IGHV4-61,1.678183613,4.923486361,Uninfected,IGHG1
IGHV5-10-1,0,0,Uninfected,IGHG1
IGHV5-51,0.888450148,0,Uninfected,IGHG1
IGHV6-1,1.480750247,5.854956753,Uninfected,IGHG1
IGHV7-4-1,0.098716683,0.066533599,Uninfected,IGHG1
IGHV7-81,0,0,Uninfected,IGHG1
IGHV1-18,9.528301887,11.27395716,Uninfected,IGHG2
IGHV1-2,8.018867925,6.313416009,Uninfected,IGHG2
IGHV1-24,2.924528302,0.225479143,Uninfected,IGHG2
IGHV1-3,0.283018868,1.916572717,Uninfected,IGHG2
IGHV1-45,0.094339623,0,Uninfected,IGHG2
IGHV1-46,0.283018868,0.67643743,Uninfected,IGHG2
IGHV1-58,0.283018868,0.112739572,Uninfected,IGHG2
IGHV1-69,1.037735849,1.240135287,Uninfected,IGHG2
IGHV1-69-2,0,0,Uninfected,IGHG2
IGHV1-8,3.962264151,4.847801578,Uninfected,IGHG2
IGHV2-26,0,0.225479143,Uninfected,IGHG2
IGHV2-5,1.981132075,1.916572717,Uninfected,IGHG2
IGHV2-70,0.283018868,0.225479143,Uninfected,IGHG2
IGHV2-70D,0,0,Uninfected,IGHG2
IGHV3-11,1.886792453,0.789177001,Uninfected,IGHG2
IGHV3-13,3.20754717,0.67643743,Uninfected,IGHG2
IGHV3-15,1.320754717,1.803833145,Uninfected,IGHG2
IGHV3-20,0.094339623,0.112739572,Uninfected,IGHG2
IGHV3-21,0.943396226,4.171364149,Uninfected,IGHG2
IGHV3-23,6.132075472,10.37204059,Uninfected,IGHG2
IGHV3-25,0,0,Uninfected,IGHG2
IGHV3-30,4.905660377,4.058624577,Uninfected,IGHG2
IGHV3-30-3,1.79245283,1.352874859,Uninfected,IGHG2
IGHV3-33,1.509433962,3.043968433,Uninfected,IGHG2
IGHV3-35,0,0,Uninfected,IGHG2
IGHV3-38,0,0,Uninfected,IGHG2
IGHV3-38-3,0,0,Uninfected,IGHG2
IGHV3-43,0,0.112739572,Uninfected,IGHG2
IGHV3-43D,0,0,Uninfected,IGHG2
IGHV3-48,1.226415094,0.563697858,Uninfected,IGHG2
IGHV3-49,0.188679245,0.338218715,Uninfected,IGHG2
IGHV3-53,0.377358491,2.254791432,Uninfected,IGHG2
IGHV3-64,0.849056604,0.225479143,Uninfected,IGHG2
IGHV3-64D,0.094339623,0.789177001,Uninfected,IGHG2
IGHV3-66,0.188679245,1.691093574,Uninfected,IGHG2
IGHV3-7,3.773584906,8.793686584,Uninfected,IGHG2
IGHV3-72,0.660377358,2.931228861,Uninfected,IGHG2
IGHV3-73,0,0,Uninfected,IGHG2
IGHV3-74,2.169811321,2.931228861,Uninfected,IGHG2
IGHV3-9,0.660377358,0.338218715,Uninfected,IGHG2
IGHV3-NL1,0,0,Uninfected,IGHG2
IGHV4-28,0,0.112739572,Uninfected,IGHG2
IGHV4-30-2,0.377358491,0,Uninfected,IGHG2
IGHV4-30-4,0.377358491,1.916572717,Uninfected,IGHG2
IGHV4-31,1.320754717,1.578354002,Uninfected,IGHG2
IGHV4-34,3.113207547,4.171364149,Uninfected,IGHG2
IGHV4-38-2,2.830188679,0.789177001,Uninfected,IGHG2
IGHV4-39,8.867924528,0.338218715,Uninfected,IGHG2
IGHV4-4,2.830188679,3.607666291,Uninfected,IGHG2
IGHV4-59,5.754716981,3.607666291,Uninfected,IGHG2
IGHV4-61,1.41509434,4.28410372,Uninfected,IGHG2
IGHV5-10-1,0.188679245,0.112739572,Uninfected,IGHG2
IGHV5-51,0.283018868,0,Uninfected,IGHG2
IGHV6-1,11.79245283,3.156708005,Uninfected,IGHG2
IGHV7-4-1,0.188679245,0,Uninfected,IGHG2
IGHV7-81,0,0,Uninfected,IGHG2
IGHV1-18,2.586206897,6.849315068,Uninfected,IGHG3
IGHV1-2,4.74137931,20.54794521,Uninfected,IGHG3
IGHV1-24,0.862068966,0.913242009,Uninfected,IGHG3
IGHV1-3,0,0,Uninfected,IGHG3
IGHV1-45,0,0,Uninfected,IGHG3
IGHV1-46,0,0.456621005,Uninfected,IGHG3
IGHV1-58,0.431034483,0.456621005,Uninfected,IGHG3
IGHV1-69,0.431034483,4.566210046,Uninfected,IGHG3
IGHV1-69-2,0,0,Uninfected,IGHG3
IGHV1-8,3.017241379,9.589041096,Uninfected,IGHG3
IGHV2-26,0,0,Uninfected,IGHG3
IGHV2-5,0.431034483,2.739726027,Uninfected,IGHG3
IGHV2-70,0.862068966,0,Uninfected,IGHG3
IGHV2-70D,0,0,Uninfected,IGHG3
IGHV3-11,0.862068966,0.913242009,Uninfected,IGHG3
IGHV3-13,3.448275862,0,Uninfected,IGHG3
IGHV3-15,1.293103448,0,Uninfected,IGHG3
IGHV3-20,0,0,Uninfected,IGHG3
IGHV3-21,5.172413793,2.739726027,Uninfected,IGHG3
IGHV3-23,2.586206897,5.02283105,Uninfected,IGHG3
IGHV3-25,0,0,Uninfected,IGHG3
IGHV3-30,4.310344828,2.283105023,Uninfected,IGHG3
IGHV3-30-3,1.724137931,0,Uninfected,IGHG3
IGHV3-33,0.431034483,0.456621005,Uninfected,IGHG3
IGHV3-35,0,0,Uninfected,IGHG3
IGHV3-38,0,0,Uninfected,IGHG3
IGHV3-38-3,0,0,Uninfected,IGHG3
IGHV3-43,0,0,Uninfected,IGHG3
IGHV3-43D,0,0,Uninfected,IGHG3
IGHV3-48,3.448275862,0.913242009,Uninfected,IGHG3
IGHV3-49,0,0,Uninfected,IGHG3
IGHV3-53,0,0,Uninfected,IGHG3
IGHV3-64,0,0,Uninfected,IGHG3
IGHV3-64D,0.431034483,0,Uninfected,IGHG3
IGHV3-66,0.431034483,0.913242009,Uninfected,IGHG3
IGHV3-7,0.431034483,8.219178082,Uninfected,IGHG3
IGHV3-72,0,0,Uninfected,IGHG3
IGHV3-73,0,0,Uninfected,IGHG3
IGHV3-74,0.862068966,0,Uninfected,IGHG3
IGHV3-9,0.431034483,0,Uninfected,IGHG3
IGHV3-NL1,0,0,Uninfected,IGHG3
IGHV4-28,0,1.826484018,Uninfected,IGHG3
IGHV4-30-2,0.431034483,0.456621005,Uninfected,IGHG3
IGHV4-30-4,0.431034483,0,Uninfected,IGHG3
IGHV4-31,2.155172414,0,Uninfected,IGHG3
IGHV4-34,7.327586207,3.652968037,Uninfected,IGHG3
IGHV4-38-2,3.448275862,0.456621005,Uninfected,IGHG3
IGHV4-39,32.75862069,7.305936073,Uninfected,IGHG3
IGHV4-4,1.293103448,3.652968037,Uninfected,IGHG3
IGHV4-59,10.77586207,4.109589041,Uninfected,IGHG3
IGHV4-61,0.431034483,7.305936073,Uninfected,IGHG3
IGHV5-10-1,0,0,Uninfected,IGHG3
IGHV5-51,0.431034483,0,Uninfected,IGHG3
IGHV6-1,1.293103448,3.652968037,Uninfected,IGHG3
IGHV7-4-1,0,0,Uninfected,IGHG3
IGHV7-81,0,0,Uninfected,IGHG3
IGHV1-18,16.66666667,0,Uninfected,IGHG4
IGHV1-2,0,85.71428571,Uninfected,IGHG4
IGHV1-24,0,0,Uninfected,IGHG4
IGHV1-3,0,0,Uninfected,IGHG4
IGHV1-45,0,0,Uninfected,IGHG4
IGHV1-46,0,0,Uninfected,IGHG4
IGHV1-58,0,0,Uninfected,IGHG4
IGHV1-69,16.66666667,0,Uninfected,IGHG4
IGHV1-69-2,0,0,Uninfected,IGHG4
IGHV1-8,0,0,Uninfected,IGHG4
IGHV2-26,0,0,Uninfected,IGHG4
IGHV2-5,0,0,Uninfected,IGHG4
IGHV2-70,0,0,Uninfected,IGHG4
IGHV2-70D,0,0,Uninfected,IGHG4
IGHV3-11,0,0,Uninfected,IGHG4
IGHV3-13,0,0,Uninfected,IGHG4
IGHV3-15,0,0,Uninfected,IGHG4
IGHV3-20,0,0,Uninfected,IGHG4
IGHV3-21,0,0,Uninfected,IGHG4
IGHV3-23,0,0,Uninfected,IGHG4
IGHV3-25,0,0,Uninfected,IGHG4
IGHV3-30,16.66666667,0,Uninfected,IGHG4
IGHV3-30-3,0,0,Uninfected,IGHG4
IGHV3-33,16.66666667,0,Uninfected,IGHG4
IGHV3-35,0,0,Uninfected,IGHG4
IGHV3-38,0,0,Uninfected,IGHG4
IGHV3-38-3,0,0,Uninfected,IGHG4
IGHV3-43,0,0,Uninfected,IGHG4
IGHV3-43D,0,0,Uninfected,IGHG4
IGHV3-48,0,0,Uninfected,IGHG4
IGHV3-49,0,0,Uninfected,IGHG4
IGHV3-53,0,0,Uninfected,IGHG4
IGHV3-64,0,0,Uninfected,IGHG4
IGHV3-64D,0,0,Uninfected,IGHG4
IGHV3-66,0,0,Uninfected,IGHG4
IGHV3-7,0,0,Uninfected,IGHG4
IGHV3-72,0,0,Uninfected,IGHG4
IGHV3-73,0,0,Uninfected,IGHG4
IGHV3-74,0,0,Uninfected,IGHG4
IGHV3-9,0,0,Uninfected,IGHG4
IGHV3-NL1,0,0,Uninfected,IGHG4
IGHV4-28,0,0,Uninfected,IGHG4
IGHV4-30-2,0,0,Uninfected,IGHG4
IGHV4-30-4,0,0,Uninfected,IGHG4
IGHV4-31,16.66666667,14.28571429,Uninfected,IGHG4
IGHV4-34,16.66666667,0,Uninfected,IGHG4
IGHV4-38-2,0,0,Uninfected,IGHG4
IGHV4-39,0,0,Uninfected,IGHG4
IGHV4-4,0,0,Uninfected,IGHG4
IGHV4-59,0,0,Uninfected,IGHG4
IGHV4-61,0,0,Uninfected,IGHG4
IGHV5-10-1,0,0,Uninfected,IGHG4
IGHV5-51,0,0,Uninfected,IGHG4
IGHV6-1,0,0,Uninfected,IGHG4
IGHV7-4-1,0,0,Uninfected,IGHG4
IGHV7-81,0,0,Uninfected,IGHG4
IGHV1-18,0,4.137931034,Uninfected,IGHE
IGHV1-2,50,2.75862069,Uninfected,IGHE
IGHV1-24,0,0,Uninfected,IGHE
IGHV1-3,0,0,Uninfected,IGHE
IGHV1-45,0,0,Uninfected,IGHE
IGHV1-46,0,0.689655172,Uninfected,IGHE
IGHV1-58,0,0,Uninfected,IGHE
IGHV1-69,0,0,Uninfected,IGHE
IGHV1-69-2,0,0,Uninfected,IGHE
IGHV1-8,0,0.689655172,Uninfected,IGHE
IGHV2-26,0,0,Uninfected,IGHE
IGHV2-5,0,2.75862069,Uninfected,IGHE
IGHV2-70,0,0,Uninfected,IGHE
IGHV2-70D,0,0,Uninfected,IGHE
IGHV3-11,0,2.068965517,Uninfected,IGHE
IGHV3-13,0,0,Uninfected,IGHE
IGHV3-15,0,0,Uninfected,IGHE
IGHV3-20,0,0,Uninfected,IGHE
IGHV3-21,0,2.068965517,Uninfected,IGHE
IGHV3-23,0,1.379310345,Uninfected,IGHE
IGHV3-25,0,0,Uninfected,IGHE
IGHV3-30,0,0.689655172,Uninfected,IGHE
IGHV3-30-3,0,0,Uninfected,IGHE
IGHV3-33,0,0,Uninfected,IGHE
IGHV3-35,0,0,Uninfected,IGHE
IGHV3-38,0,0,Uninfected,IGHE
IGHV3-38-3,0,0,Uninfected,IGHE
IGHV3-43,0,0,Uninfected,IGHE
IGHV3-43D,0,0,Uninfected,IGHE
IGHV3-48,0,13.79310345,Uninfected,IGHE
IGHV3-49,0,0,Uninfected,IGHE
IGHV3-53,0,0,Uninfected,IGHE
IGHV3-64,0,0,Uninfected,IGHE
IGHV3-64D,0,0,Uninfected,IGHE
IGHV3-66,0,0,Uninfected,IGHE
IGHV3-7,50,0.689655172,Uninfected,IGHE
IGHV3-72,0,0.689655172,Uninfected,IGHE
IGHV3-73,0,0,Uninfected,IGHE
IGHV3-74,0,1.379310345,Uninfected,IGHE
IGHV3-9,0,0,Uninfected,IGHE
IGHV3-NL1,0,0,Uninfected,IGHE
IGHV4-28,0,0.689655172,Uninfected,IGHE
IGHV4-30-2,0,1.379310345,Uninfected,IGHE
IGHV4-30-4,0,0.689655172,Uninfected,IGHE
IGHV4-31,0,1.379310345,Uninfected,IGHE
IGHV4-34,0,3.448275862,Uninfected,IGHE
IGHV4-38-2,0,45.51724138,Uninfected,IGHE
IGHV4-39,0,2.068965517,Uninfected,IGHE
IGHV4-4,0,1.379310345,Uninfected,IGHE
IGHV4-59,0,2.068965517,Uninfected,IGHE
IGHV4-61,0,4.827586207,Uninfected,IGHE
IGHV5-10-1,0,0,Uninfected,IGHE
IGHV5-51,0,0,Uninfected,IGHE
IGHV6-1,0,2.75862069,Uninfected,IGHE
IGHV7-4-1,0,0,Uninfected,IGHE
IGHV7-81,0,0,Uninfected,IGHE
IGHV1-18,12.89111389,16.03498542,Vaccine,IGHD/IGHM
IGHV1-2,6.883604506,6.12244898,Vaccine,IGHD/IGHM
IGHV1-24,3.128911139,2.623906706,Vaccine,IGHD/IGHM
IGHV1-3,0.500625782,0.29154519,Vaccine,IGHD/IGHM
IGHV1-45,0,0,Vaccine,IGHD/IGHM
IGHV1-46,0.375469337,1.166180758,Vaccine,IGHD/IGHM
IGHV1-58,0.876095119,1.457725948,Vaccine,IGHD/IGHM
IGHV1-69,1.627033792,4.373177843,Vaccine,IGHD/IGHM
IGHV1-69-2,0,0,Vaccine,IGHD/IGHM
IGHV1-8,4.630788486,5.247813411,Vaccine,IGHD/IGHM
IGHV2-26,0,0,Vaccine,IGHD/IGHM
IGHV2-5,3.254067584,2.332361516,Vaccine,IGHD/IGHM
IGHV2-70,0.750938673,1.166180758,Vaccine,IGHD/IGHM
IGHV2-70D,0.375469337,0,Vaccine,IGHD/IGHM
IGHV3-11,0.876095119,1.457725948,Vaccine,IGHD/IGHM
IGHV3-13,0.500625782,0,Vaccine,IGHD/IGHM
IGHV3-15,0.750938673,0.583090379,Vaccine,IGHD/IGHM
IGHV3-20,0,0.29154519,Vaccine,IGHD/IGHM
IGHV3-21,2.377972466,2.623906706,Vaccine,IGHD/IGHM
IGHV3-23,7.88485607,4.956268222,Vaccine,IGHD/IGHM
IGHV3-25,0,0,Vaccine,IGHD/IGHM
IGHV3-30,3.003754693,1.749271137,Vaccine,IGHD/IGHM
IGHV3-30-3,0.125156446,0.29154519,Vaccine,IGHD/IGHM
IGHV3-33,1.376720901,2.040816327,Vaccine,IGHD/IGHM
IGHV3-35,0,0,Vaccine,IGHD/IGHM
IGHV3-38,0,0,Vaccine,IGHD/IGHM
IGHV3-38-3,0,0,Vaccine,IGHD/IGHM
IGHV3-43,0.125156446,0,Vaccine,IGHD/IGHM
IGHV3-43D,0,0,Vaccine,IGHD/IGHM
IGHV3-48,2.002503129,2.623906706,Vaccine,IGHD/IGHM
IGHV3-49,0.500625782,0.29154519,Vaccine,IGHD/IGHM
IGHV3-53,1.251564456,0.29154519,Vaccine,IGHD/IGHM
IGHV3-64,0.500625782,0.29154519,Vaccine,IGHD/IGHM
IGHV3-64D,0.125156446,0,Vaccine,IGHD/IGHM
IGHV3-66,0.250312891,0.29154519,Vaccine,IGHD/IGHM
IGHV3-7,3.879849812,2.332361516,Vaccine,IGHD/IGHM
IGHV3-72,0.500625782,0.29154519,Vaccine,IGHD/IGHM
IGHV3-73,0.250312891,0.29154519,Vaccine,IGHD/IGHM
IGHV3-74,1.501877347,0.874635569,Vaccine,IGHD/IGHM
IGHV3-9,1.627033792,1.166180758,Vaccine,IGHD/IGHM
IGHV3-NL1,0,0,Vaccine,IGHD/IGHM
IGHV4-28,0,0.29154519,Vaccine,IGHD/IGHM
IGHV4-30-2,0.125156446,0,Vaccine,IGHD/IGHM
IGHV4-30-4,0.750938673,0,Vaccine,IGHD/IGHM
IGHV4-31,3.003754693,2.623906706,Vaccine,IGHD/IGHM
IGHV4-34,9.01126408,9.037900875,Vaccine,IGHD/IGHM
IGHV4-38-2,0.876095119,1.457725948,Vaccine,IGHD/IGHM
IGHV4-39,6.508135169,8.163265306,Vaccine,IGHD/IGHM
IGHV4-4,3.254067584,1.749271137,Vaccine,IGHD/IGHM
IGHV4-59,7.509386733,8.746355685,Vaccine,IGHD/IGHM
IGHV4-61,1.501877347,0.874635569,Vaccine,IGHD/IGHM
IGHV5-10-1,0,0,Vaccine,IGHD/IGHM
IGHV5-51,0.250312891,0,Vaccine,IGHD/IGHM
IGHV6-1,2.503128911,2.915451895,Vaccine,IGHD/IGHM
IGHV7-4-1,0,0.583090379,Vaccine,IGHD/IGHM
IGHV7-81,0,0,Vaccine,IGHD/IGHM
IGHV1-18,5.738325246,4.513436644,Vaccine,IGHM
IGHV1-2,3.274273249,2.033438771,Vaccine,IGHM
IGHV1-24,0.872545964,0.7628718,Vaccine,IGHM
IGHV1-3,0.543115345,0.544908429,Vaccine,IGHM
IGHV1-45,0.004451765,0,Vaccine,IGHM
IGHV1-46,0.509727107,0.475798091,Vaccine,IGHM
IGHV1-58,0.436272982,0.2631509,Vaccine,IGHM
IGHV1-69,1.213105997,1.230695622,Vaccine,IGHM
IGHV1-69-2,0,0,Vaccine,IGHM
IGHV1-8,2.461826114,1.738390792,Vaccine,IGHM
IGHV2-26,0.042291769,0.061136068,Vaccine,IGHM
IGHV2-5,3.697190936,3.035538662,Vaccine,IGHM
IGHV2-70,1.037261274,1.217405173,Vaccine,IGHM
IGHV2-70D,0.229265904,0.119614045,Vaccine,IGHM
IGHV3-11,1.533633086,1.350309667,Vaccine,IGHM
IGHV3-13,0.322752972,0.536934159,Vaccine,IGHM
IGHV3-15,2.001068424,1.783578321,Vaccine,IGHM
IGHV3-20,0.129101189,0.114297866,Vaccine,IGHM
IGHV3-21,2.668833192,2.118497648,Vaccine,IGHM
IGHV3-23,11.40097048,10.14592914,Vaccine,IGHM
IGHV3-25,0,0,Vaccine,IGHM
IGHV3-30,3.507990918,2.490630233,Vaccine,IGHM
IGHV3-30-3,0.271557673,0.2631509,Vaccine,IGHM
IGHV3-33,3.425633264,2.394938997,Vaccine,IGHM
IGHV3-35,0,0,Vaccine,IGHM
IGHV3-38,0,0,Vaccine,IGHM
IGHV3-38-3,0,0,Vaccine,IGHM
IGHV3-43,0.37394827,0.382764945,Vaccine,IGHM
IGHV3-43D,0.113520011,0.037213259,Vaccine,IGHM
IGHV3-48,4.384988648,3.963212036,Vaccine,IGHM
IGHV3-49,0.861416552,0.685787193,Vaccine,IGHM
IGHV3-53,1.567021324,1.671938545,Vaccine,IGHM
IGHV3-64,0.322752972,0.542250339,Vaccine,IGHM
IGHV3-64D,0.331656502,0.321628877,Vaccine,IGHM
IGHV3-66,0.658861238,1.097791127,Vaccine,IGHM
IGHV3-7,5.486800516,5.079609792,Vaccine,IGHM
IGHV3-72,1.464630726,0.568831238,Vaccine,IGHM
IGHV3-73,0.80799537,0.475798091,Vaccine,IGHM
IGHV3-74,2.902550861,5.047712714,Vaccine,IGHM
IGHV3-9,1.224235409,1.177533824,Vaccine,IGHM
IGHV3-NL1,0,0.01063236,Vaccine,IGHM
IGHV4-28,0.057872947,0.071768427,Vaccine,IGHM
IGHV4-30-2,0.111294128,0.114297866,Vaccine,IGHM
IGHV4-30-4,0.685571829,0.215305282,Vaccine,IGHM
IGHV4-31,2.822419089,2.150394726,Vaccine,IGHM
IGHV4-34,5.88968526,4.295473273,Vaccine,IGHM
IGHV4-38-2,1.204202466,0.717684272,Vaccine,IGHM
IGHV4-39,5.920847616,7.676563621,Vaccine,IGHM
IGHV4-4,3.053910876,2.028122591,Vaccine,IGHM
IGHV4-59,8.861238481,9.537226549,Vaccine,IGHM
IGHV4-61,1.86751547,2.82289147,Vaccine,IGHM
IGHV5-10-1,0.022258826,0.013290449,Vaccine,IGHM
IGHV5-51,0.26933179,0.321628877,Vaccine,IGHM
IGHV6-1,3.20527089,11.58927195,Vaccine,IGHM
IGHV7-4-1,0.207007078,0.188724383,Vaccine,IGHM
IGHV7-81,0,0,Vaccine,IGHM
IGHV1-18,10.19683291,11.52307282,Vaccine,IGHD
IGHV1-2,6.940950126,4.801280341,Vaccine,IGHD
IGHV1-24,2.190321148,2.907441985,Vaccine,IGHD
IGHV1-3,0.784371763,0.400106695,Vaccine,IGHD
IGHV1-45,0,0,Vaccine,IGHD
IGHV1-46,0.621577623,0.933582289,Vaccine,IGHD
IGHV1-58,0.784371763,1.226993865,Vaccine,IGHD
IGHV1-69,2.101524345,3.360896239,Vaccine,IGHD
IGHV1-69-2,0,0,Vaccine,IGHD
IGHV1-8,5.253810863,3.227527341,Vaccine,IGHD
IGHV2-26,0.073997336,0.320085356,Vaccine,IGHD
IGHV2-5,4.499038035,5.121365698,Vaccine,IGHD
IGHV2-70,1.243155246,2.240597493,Vaccine,IGHD
IGHV2-70D,0.310788812,0.533475593,Vaccine,IGHD
IGHV3-11,1.33195205,1.013603628,Vaccine,IGHD
IGHV3-13,0.429184549,0.400106695,Vaccine,IGHD
IGHV3-15,1.657540329,1.520405441,Vaccine,IGHD
IGHV3-20,0.118395738,0.053347559,Vaccine,IGHD
IGHV3-21,1.642740861,1.840490798,Vaccine,IGHD
IGHV3-23,7.606926151,8.082155241,Vaccine,IGHD
IGHV3-25,0,0.02667378,Vaccine,IGHD
IGHV3-30,3.270682255,3.094158442,Vaccine,IGHD
IGHV3-30-3,0.310788812,0.400106695,Vaccine,IGHD
IGHV3-33,2.353115288,1.813817018,Vaccine,IGHD
IGHV3-35,0,0,Vaccine,IGHD
IGHV3-38,0,0,Vaccine,IGHD
IGHV3-38-3,0,0,Vaccine,IGHD
IGHV3-43,0.310788812,0.133368898,Vaccine,IGHD
IGHV3-43D,0.044398402,0.053347559,Vaccine,IGHD
IGHV3-48,2.471511026,2.373966391,Vaccine,IGHD
IGHV3-49,0.473582951,0.453454254,Vaccine,IGHD
IGHV3-53,1.213556312,0.560149373,Vaccine,IGHD
IGHV3-64,0.295989344,0.186716458,Vaccine,IGHD
IGHV3-64D,0.414385082,0.293411576,Vaccine,IGHD
IGHV3-66,0.26639041,0.506801814,Vaccine,IGHD
IGHV3-7,3.093088649,3.387570019,Vaccine,IGHD
IGHV3-72,0.36998668,0.453454254,Vaccine,IGHD
IGHV3-73,0.503181885,0.320085356,Vaccine,IGHD
IGHV3-74,1.405949386,1.280341424,Vaccine,IGHD
IGHV3-9,1.59834246,1.733795679,Vaccine,IGHD
IGHV3-NL1,0,0,Vaccine,IGHD
IGHV4-28,0.044398402,0.106695119,Vaccine,IGHD
IGHV4-30-2,0.044398402,0.106695119,Vaccine,IGHD
IGHV4-30-4,0.932366435,0.293411576,Vaccine,IGHD
IGHV4-31,3.374278526,3.30754868,Vaccine,IGHD
IGHV4-34,8.998076069,6.721792478,Vaccine,IGHD
IGHV4-38-2,0.9027675,1.387036543,Vaccine,IGHD
IGHV4-39,6.038182625,6.054947986,Vaccine,IGHD
IGHV4-4,2.057125943,5.068018138,Vaccine,IGHD
IGHV4-59,6.615361847,6.481728461,Vaccine,IGHD
IGHV4-61,1.894331804,1.253667645,Vaccine,IGHD
IGHV5-10-1,0.014799467,0.080021339,Vaccine,IGHD
IGHV5-51,0.399585615,0.320085356,Vaccine,IGHD
IGHV6-1,2.293917419,1.840490798,Vaccine,IGHD
IGHV7-4-1,0.207192541,0.400106695,Vaccine,IGHD
IGHV7-81,0,0,Vaccine,IGHD
IGHV1-18,9.875658588,7.788882871,Vaccine,IGHA1
IGHV1-2,6.840885142,3.072226872,Vaccine,IGHA1
IGHV1-24,0.897787144,1.388410221,Vaccine,IGHA1
IGHV1-3,0.463645943,0.364334597,Vaccine,IGHA1
IGHV1-45,0.046364594,0.004923441,Vaccine,IGHA1
IGHV1-46,0.362486828,0.551425336,Vaccine,IGHA1
IGHV1-58,2.815595364,0.09354537,Vaccine,IGHA1
IGHV1-69,1.656480506,1.536113436,Vaccine,IGHA1
IGHV1-69-2,0,0,Vaccine,IGHA1
IGHV1-8,1.268703899,1.57550096,Vaccine,IGHA1
IGHV2-26,0.042149631,0.068928167,Vaccine,IGHA1
IGHV2-5,3.001053741,4.33262764,Vaccine,IGHA1
IGHV2-70,0.665964173,1.028999065,Vaccine,IGHA1
IGHV2-70D,0.004214963,0,Vaccine,IGHA1
IGHV3-11,2.533192835,1.77243858,Vaccine,IGHA1
IGHV3-13,0.358271865,0.644970706,Vaccine,IGHA1
IGHV3-15,1.256059009,1.393333662,Vaccine,IGHA1
IGHV3-20,0.118018967,0.246172025,Vaccine,IGHA1
IGHV3-21,3.022128556,3.490719315,Vaccine,IGHA1
IGHV3-23,8.20231823,9.064053961,Vaccine,IGHA1
IGHV3-25,0,0.004923441,Vaccine,IGHA1
IGHV3-30,3.464699684,5.563487765,Vaccine,IGHA1
IGHV3-30-3,0.164383562,0.408645562,Vaccine,IGHA1
IGHV3-33,1.997892518,1.225936685,Vaccine,IGHA1
IGHV3-35,0,0,Vaccine,IGHA1
IGHV3-38,0,0,Vaccine,IGHA1
IGHV3-38-3,0,0,Vaccine,IGHA1
IGHV3-43,0.956796628,1.363793019,Vaccine,IGHA1
IGHV3-43D,0.075869336,0.004923441,Vaccine,IGHA1
IGHV3-48,2.895679663,3.535030279,Vaccine,IGHA1
IGHV3-49,1.285563751,0.836984885,Vaccine,IGHA1
IGHV3-53,1.711275026,2.141696618,Vaccine,IGHA1
IGHV3-64,0.809272919,1.063463148,Vaccine,IGHA1
IGHV3-64D,0.577449947,0.123086013,Vaccine,IGHA1
IGHV3-66,0.514225501,0.797597361,Vaccine,IGHA1
IGHV3-7,3.751317176,5.12037812,Vaccine,IGHA1
IGHV3-72,0.400421496,0.339717395,Vaccine,IGHA1
IGHV3-73,0.859852476,0.797597361,Vaccine,IGHA1
IGHV3-74,2.659641728,5.243464133,Vaccine,IGHA1
IGHV3-9,1.049525817,2.279552952,Vaccine,IGHA1
IGHV3-NL1,0.004214963,0.004923441,Vaccine,IGHA1
IGHV4-28,0.008429926,0.004923441,Vaccine,IGHA1
IGHV4-30-2,0.236037935,0.359411157,Vaccine,IGHA1
IGHV4-30-4,2.655426765,0.669587908,Vaccine,IGHA1
IGHV4-31,3.258166491,2.392792083,Vaccine,IGHA1
IGHV4-34,5.90516333,5.41578455,Vaccine,IGHA1
IGHV4-38-2,0.750263435,0.580965979,Vaccine,IGHA1
IGHV4-39,6.975763962,8.940967948,Vaccine,IGHA1
IGHV4-4,2.937829294,1.595194722,Vaccine,IGHA1
IGHV4-59,6.979978925,7.537787406,Vaccine,IGHA1
IGHV4-61,1.976817703,1.255477328,Vaccine,IGHA1
IGHV5-10-1,0.050579557,0.078775048,Vaccine,IGHA1
IGHV5-51,0.18967334,0.349564276,Vaccine,IGHA1
IGHV6-1,1.268703899,1.353946138,Vaccine,IGHA1
IGHV7-4-1,0.198103267,0.19201418,Vaccine,IGHA1
IGHV7-81,0,0,Vaccine,IGHA1
IGHV1-18,6.082339791,5.529440871,Vaccine,IGHA2
IGHV1-2,4.033159463,2.102919347,Vaccine,IGHA2
IGHV1-24,0.614754098,0.61850569,Vaccine,IGHA2
IGHV1-3,0.298062593,1.929737754,Vaccine,IGHA2
IGHV1-45,0.018628912,0,Vaccine,IGHA2
IGHV1-46,0.204918033,0.544285007,Vaccine,IGHA2
IGHV1-58,0.326005961,0.037110341,Vaccine,IGHA2
IGHV1-69,3.10171386,2.597723899,Vaccine,IGHA2
IGHV1-69-2,0,0,Vaccine,IGHA2
IGHV1-8,1.983979136,0.729836714,Vaccine,IGHA2
IGHV2-26,0.055886736,0.012370114,Vaccine,IGHA2
IGHV2-5,1.359910581,3.092528451,Vaccine,IGHA2
IGHV2-70,0.270119225,0.420583869,Vaccine,IGHA2
IGHV2-70D,0,0,Vaccine,IGHA2
IGHV3-11,2.738450075,2.857496289,Vaccine,IGHA2
IGHV3-13,0.94076006,0.210291935,Vaccine,IGHA2
IGHV3-15,3.874813711,2.399802078,Vaccine,IGHA2
IGHV3-20,0.037257824,0.210291935,Vaccine,IGHA2
IGHV3-21,1.816318927,3.216229589,Vaccine,IGHA2
IGHV3-23,10.88859911,11.51657595,Vaccine,IGHA2
IGHV3-25,0,0,Vaccine,IGHA2
IGHV3-30,5.486214605,4.774863929,Vaccine,IGHA2
IGHV3-30-3,0.09314456,0.61850569,Vaccine,IGHA2
IGHV3-33,1.779061103,1.65759525,Vaccine,IGHA2
IGHV3-35,0,0,Vaccine,IGHA2
IGHV3-38,0,0,Vaccine,IGHA2
IGHV3-38-3,0,0,Vaccine,IGHA2
IGHV3-43,0.950074516,0.964868877,Vaccine,IGHA2
IGHV3-43D,0.037257824,0.012370114,Vaccine,IGHA2
IGHV3-48,2.626676602,4.502721425,Vaccine,IGHA2
IGHV3-49,1.0804769,0.61850569,Vaccine,IGHA2
IGHV3-53,1.611400894,0.977238991,Vaccine,IGHA2
IGHV3-64,0.98733234,0.816427511,Vaccine,IGHA2
IGHV3-64D,0.391207154,0.383473528,Vaccine,IGHA2
IGHV3-66,0.558867362,0.544285007,Vaccine,IGHA2
IGHV3-7,8.513412817,9.797130134,Vaccine,IGHA2
IGHV3-72,0.717213115,1.335972291,Vaccine,IGHA2
IGHV3-73,0.98733234,0.593765463,Vaccine,IGHA2
IGHV3-74,5.160208644,5.23255814,Vaccine,IGHA2
IGHV3-9,0.456408346,1.076199901,Vaccine,IGHA2
IGHV3-NL1,0.009314456,0,Vaccine,IGHA2
IGHV4-28,0,0.024740228,Vaccine,IGHA2
IGHV4-30-2,0.158345753,0.222662048,Vaccine,IGHA2
IGHV4-30-4,0.931445604,0.927758535,Vaccine,IGHA2
IGHV4-31,1.695230999,1.855517071,Vaccine,IGHA2
IGHV4-34,3.464977645,2.523503216,Vaccine,IGHA2
IGHV4-38-2,0.279433681,0.408213756,Vaccine,IGHA2
IGHV4-39,6.073025335,6.284017813,Vaccine,IGHA2
IGHV4-4,2.617362146,1.929737754,Vaccine,IGHA2
IGHV4-59,10.804769,7.149925779,Vaccine,IGHA2
IGHV4-61,1.900149031,1.286491836,Vaccine,IGHA2
IGHV5-10-1,0,0.037110341,Vaccine,IGHA2
IGHV5-51,0.130402385,1.175160811,Vaccine,IGHA2
IGHV6-1,1.797690015,3.970806531,Vaccine,IGHA2
IGHV7-4-1,0.055886736,0.272142504,Vaccine,IGHA2
IGHV7-81,0,0,Vaccine,IGHA2
IGHV1-18,6.205191595,9.309718438,Vaccine,IGHG1
IGHV1-2,11.00123609,1.680290645,Vaccine,IGHG1
IGHV1-24,1.112484549,6.471389646,Vaccine,IGHG1
IGHV1-3,0.741656366,0.930971844,Vaccine,IGHG1
IGHV1-45,0,0,Vaccine,IGHG1
IGHV1-46,0.469715698,0.408719346,Vaccine,IGHG1
IGHV1-58,0.346106304,0.068119891,Vaccine,IGHG1
IGHV1-69,3.856613103,4.768392371,Vaccine,IGHG1
IGHV1-69-2,0,0,Vaccine,IGHG1
IGHV1-8,1.681087763,0.930971844,Vaccine,IGHG1
IGHV2-26,0.049443758,0.068119891,Vaccine,IGHG1
IGHV2-5,4.004944376,2.202543143,Vaccine,IGHG1
IGHV2-70,0.815822002,0.749318801,Vaccine,IGHG1
IGHV2-70D,0,0,Vaccine,IGHG1
IGHV3-11,2.101359703,1.680290645,Vaccine,IGHG1
IGHV3-13,1.112484549,0.181653043,Vaccine,IGHG1
IGHV3-15,0.741656366,0.635785649,Vaccine,IGHG1
IGHV3-20,0.049443758,0.295186194,Vaccine,IGHG1
IGHV3-21,2.81829419,1.907356948,Vaccine,IGHG1
IGHV3-23,9.369592089,5.744777475,Vaccine,IGHG1
IGHV3-25,0,0,Vaccine,IGHG1
IGHV3-30,5.636588381,4.06448683,Vaccine,IGHG1
IGHV3-30-3,0.098887515,0.249772934,Vaccine,IGHG1
IGHV3-33,1.95302843,0.999091735,Vaccine,IGHG1
IGHV3-35,0,0,Vaccine,IGHG1
IGHV3-38,0,0,Vaccine,IGHG1
IGHV3-38-3,0,0,Vaccine,IGHG1
IGHV3-43,1.236093943,1.180744777,Vaccine,IGHG1
IGHV3-43D,1.038318912,0.204359673,Vaccine,IGHG1
IGHV3-48,2.299134734,1.702997275,Vaccine,IGHG1
IGHV3-49,0.618046972,0.794732062,Vaccine,IGHG1
IGHV3-53,1.631644005,1.044504995,Vaccine,IGHG1
IGHV3-64,0.296662546,0.317892825,Vaccine,IGHG1
IGHV3-64D,0.197775031,0.158946412,Vaccine,IGHG1
IGHV3-66,0.543881335,1.99818347,Vaccine,IGHG1
IGHV3-7,2.843016069,4.314259764,Vaccine,IGHG1
IGHV3-72,0.098887515,0.181653043,Vaccine,IGHG1
IGHV3-73,1.161928307,0.090826521,Vaccine,IGHG1
IGHV3-74,2.200247219,1.702997275,Vaccine,IGHG1
IGHV3-9,1.08776267,2.316076294,Vaccine,IGHG1
IGHV3-NL1,0,0,Vaccine,IGHG1
IGHV4-28,0,0,Vaccine,IGHG1
IGHV4-30-2,0.098887515,0.295186194,Vaccine,IGHG1
IGHV4-30-4,0.568603214,0.386012716,Vaccine,IGHG1
IGHV4-31,2.200247219,2.270663034,Vaccine,IGHG1
IGHV4-34,4.647713226,16.96185286,Vaccine,IGHG1
IGHV4-38-2,1.08776267,1.158038147,Vaccine,IGHG1
IGHV4-39,6.52657602,5.177111717,Vaccine,IGHG1
IGHV4-4,2.224969098,2.384196185,Vaccine,IGHG1
IGHV4-59,8.578491965,8.0835604,Vaccine,IGHG1
IGHV4-61,2.81829419,0.999091735,Vaccine,IGHG1
IGHV5-10-1,0,0.045413261,Vaccine,IGHG1
IGHV5-51,0.667490729,0.181653043,Vaccine,IGHG1
IGHV6-1,0.815822002,0.794732062,Vaccine,IGHG1
IGHV7-4-1,0.346106304,1.907356948,Vaccine,IGHG1
IGHV7-81,0,0,Vaccine,IGHG1
IGHV1-18,5.429964539,6.962962963,Vaccine,IGHG2
IGHV1-2,7.601950355,2.419753086,Vaccine,IGHG2
IGHV1-24,0.753546099,3.679012346,Vaccine,IGHG2
IGHV1-3,0.753546099,0.888888889,Vaccine,IGHG2
IGHV1-45,0,0,Vaccine,IGHG2
IGHV1-46,0.930851064,0.49382716,Vaccine,IGHG2
IGHV1-58,0.265957447,0.469135802,Vaccine,IGHG2
IGHV1-69,1.529255319,3.925925926,Vaccine,IGHG2
IGHV1-69-2,0,0,Vaccine,IGHG2
IGHV1-8,3.701241135,1.975308642,Vaccine,IGHG2
IGHV2-26,0.044326241,0,Vaccine,IGHG2
IGHV2-5,6.183510638,1.530864198,Vaccine,IGHG2
IGHV2-70,0.39893617,0.12345679,Vaccine,IGHG2
IGHV2-70D,0.022163121,0,Vaccine,IGHG2
IGHV3-11,1.484929078,0.987654321,Vaccine,IGHG2
IGHV3-13,0.443262411,0.024691358,Vaccine,IGHG2
IGHV3-15,2.194148936,2.666666667,Vaccine,IGHG2
IGHV3-20,0.221631206,0.024691358,Vaccine,IGHG2
IGHV3-21,2.526595745,2.716049383,Vaccine,IGHG2
IGHV3-23,11.08156028,11.80246914,Vaccine,IGHG2
IGHV3-25,0,0,Vaccine,IGHG2
IGHV3-30,3.036347518,4.49382716,Vaccine,IGHG2
IGHV3-30-3,0.199468085,0.271604938,Vaccine,IGHG2
IGHV3-33,3.036347518,1.777777778,Vaccine,IGHG2
IGHV3-35,0,0,Vaccine,IGHG2
IGHV3-38,0,0,Vaccine,IGHG2
IGHV3-38-3,0,0,Vaccine,IGHG2
IGHV3-43,0.820035461,0.765432099,Vaccine,IGHG2
IGHV3-43D,0.199468085,0,Vaccine,IGHG2
IGHV3-48,2.947695035,2.37037037,Vaccine,IGHG2
IGHV3-49,0.820035461,0.592592593,Vaccine,IGHG2
IGHV3-53,1.396276596,1.580246914,Vaccine,IGHG2
IGHV3-64,0.354609929,3.827160494,Vaccine,IGHG2
IGHV3-64D,0.177304965,0.444444444,Vaccine,IGHG2
IGHV3-66,0.576241135,0.567901235,Vaccine,IGHG2
IGHV3-7,8.687943262,8.24691358,Vaccine,IGHG2
IGHV3-72,0.531914894,1.283950617,Vaccine,IGHG2
IGHV3-73,1.263297872,0.839506173,Vaccine,IGHG2
IGHV3-74,3.080673759,3.308641975,Vaccine,IGHG2
IGHV3-9,1.994680851,1.283950617,Vaccine,IGHG2
IGHV3-NL1,0,0,Vaccine,IGHG2
IGHV4-28,0,0,Vaccine,IGHG2
IGHV4-30-2,0.110815603,0.148148148,Vaccine,IGHG2
IGHV4-30-4,0.465425532,0.24691358,Vaccine,IGHG2
IGHV4-31,1.085992908,1.950617284,Vaccine,IGHG2
IGHV4-34,4.565602837,6.716049383,Vaccine,IGHG2
IGHV4-38-2,1.15248227,0.913580247,Vaccine,IGHG2
IGHV4-39,3.856382979,5.456790123,Vaccine,IGHG2
IGHV4-4,2.216312057,1.703703704,Vaccine,IGHG2
IGHV4-59,7.114361702,6.12345679,Vaccine,IGHG2
IGHV4-61,2.238475177,0.740740741,Vaccine,IGHG2
IGHV5-10-1,0,0.024691358,Vaccine,IGHG2
IGHV5-51,0.531914894,0.24691358,Vaccine,IGHG2
IGHV6-1,1.640070922,2.691358025,Vaccine,IGHG2
IGHV7-4-1,0.332446809,0.691358025,Vaccine,IGHG2
IGHV7-81,0,0,Vaccine,IGHG2
IGHV1-18,12.8440367,11.53388823,Vaccine,IGHG3
IGHV1-2,2.660550459,4.042806183,Vaccine,IGHG3
IGHV1-24,1.19266055,1.545778835,Vaccine,IGHG3
IGHV1-3,9.266055046,1.664684899,Vaccine,IGHG3
IGHV1-45,0,0,Vaccine,IGHG3
IGHV1-46,0.366972477,0.356718193,Vaccine,IGHG3
IGHV1-58,0,0.118906064,Vaccine,IGHG3
IGHV1-69,2.568807339,2.497027348,Vaccine,IGHG3
IGHV1-69-2,0,0,Vaccine,IGHG3
IGHV1-8,1.651376147,0.594530321,Vaccine,IGHG3
IGHV2-26,0.091743119,0,Vaccine,IGHG3
IGHV2-5,0.458715596,4.51843044,Vaccine,IGHG3
IGHV2-70,0.183486239,0.356718193,Vaccine,IGHG3
IGHV2-70D,0,0,Vaccine,IGHG3
IGHV3-11,1.559633028,1.426872771,Vaccine,IGHG3
IGHV3-13,0.825688073,0.118906064,Vaccine,IGHG3
IGHV3-15,0.733944954,1.783590963,Vaccine,IGHG3
IGHV3-20,0.366972477,0.118906064,Vaccine,IGHG3
IGHV3-21,1.376146789,2.021403092,Vaccine,IGHG3
IGHV3-23,4.678899083,3.804994055,Vaccine,IGHG3
IGHV3-25,0,0,Vaccine,IGHG3
IGHV3-30,5.412844037,4.399524376,Vaccine,IGHG3
IGHV3-30-3,0.642201835,0,Vaccine,IGHG3
IGHV3-33,3.486238532,0.356718193,Vaccine,IGHG3
IGHV3-35,0,0,Vaccine,IGHG3
IGHV3-38,0,0,Vaccine,IGHG3
IGHV3-38-3,0,0,Vaccine,IGHG3
IGHV3-43,0.275229358,0.594530321,Vaccine,IGHG3
IGHV3-43D,0.091743119,0,Vaccine,IGHG3
IGHV3-48,0.733944954,1.426872771,Vaccine,IGHG3
IGHV3-49,0.733944954,0.237812128,Vaccine,IGHG3
IGHV3-53,1.467889908,0.832342449,Vaccine,IGHG3
IGHV3-64,0,0.237812128,Vaccine,IGHG3
IGHV3-64D,0.091743119,2.378121284,Vaccine,IGHG3
IGHV3-66,0,0.594530321,Vaccine,IGHG3
IGHV3-7,1.743119266,1.902497027,Vaccine,IGHG3
IGHV3-72,0.091743119,0,Vaccine,IGHG3
IGHV3-73,0.091743119,3.804994055,Vaccine,IGHG3
IGHV3-74,0.642201835,0.832342449,Vaccine,IGHG3
IGHV3-9,1.19266055,2.734839477,Vaccine,IGHG3
IGHV3-NL1,0,0,Vaccine,IGHG3
IGHV4-28,0,0.118906064,Vaccine,IGHG3
IGHV4-30-2,0,0.118906064,Vaccine,IGHG3
IGHV4-30-4,0.642201835,0.356718193,Vaccine,IGHG3
IGHV4-31,2.201834862,2.021403092,Vaccine,IGHG3
IGHV4-34,16.78899083,24.97027348,Vaccine,IGHG3
IGHV4-38-2,1.559633028,0.118906064,Vaccine,IGHG3
IGHV4-39,10.36697248,7.847800238,Vaccine,IGHG3
IGHV4-4,3.669724771,0.237812128,Vaccine,IGHG3
IGHV4-59,5.137614679,4.756242568,Vaccine,IGHG3
IGHV4-61,1.19266055,0.832342449,Vaccine,IGHG3
IGHV5-10-1,0.183486239,0.118906064,Vaccine,IGHG3
IGHV5-51,0.366972477,0.832342449,Vaccine,IGHG3
IGHV6-1,0.275229358,0.475624257,Vaccine,IGHG3
IGHV7-4-1,0.091743119,0.356718193,Vaccine,IGHG3
IGHV7-81,0,0,Vaccine,IGHG3
IGHV1-18,50.68493151,0,Vaccine,IGHG4
IGHV1-2,1.369863014,0,Vaccine,IGHG4
IGHV1-24,0,5,Vaccine,IGHG4
IGHV1-3,0,5,Vaccine,IGHG4
IGHV1-45,0,0,Vaccine,IGHG4
IGHV1-46,0,0,Vaccine,IGHG4
IGHV1-58,0,0,Vaccine,IGHG4
IGHV1-69,4.109589041,15,Vaccine,IGHG4
IGHV1-69-2,0,0,Vaccine,IGHG4
IGHV1-8,4.109589041,0,Vaccine,IGHG4
IGHV2-26,0,0,Vaccine,IGHG4
IGHV2-5,1.369863014,0,Vaccine,IGHG4
IGHV2-70,0,0,Vaccine,IGHG4
IGHV2-70D,0,0,Vaccine,IGHG4
IGHV3-11,0,5,Vaccine,IGHG4
IGHV3-13,0,0,Vaccine,IGHG4
IGHV3-15,0,0,Vaccine,IGHG4
IGHV3-20,0,0,Vaccine,IGHG4
IGHV3-21,8.219178082,0,Vaccine,IGHG4
IGHV3-23,0,0,Vaccine,IGHG4
IGHV3-25,0,0,Vaccine,IGHG4
IGHV3-30,2.739726027,5,Vaccine,IGHG4
IGHV3-30-3,2.739726027,0,Vaccine,IGHG4
IGHV3-33,1.369863014,0,Vaccine,IGHG4
IGHV3-35,0,0,Vaccine,IGHG4
IGHV3-38,0,0,Vaccine,IGHG4
IGHV3-38-3,0,0,Vaccine,IGHG4
IGHV3-43,1.369863014,5,Vaccine,IGHG4
IGHV3-43D,0,0,Vaccine,IGHG4
IGHV3-48,1.369863014,0,Vaccine,IGHG4
IGHV3-49,0,0,Vaccine,IGHG4
IGHV3-53,1.369863014,0,Vaccine,IGHG4
IGHV3-64,0,0,Vaccine,IGHG4
IGHV3-64D,1.369863014,0,Vaccine,IGHG4
IGHV3-66,0,10,Vaccine,IGHG4
IGHV3-7,0,0,Vaccine,IGHG4
IGHV3-72,0,0,Vaccine,IGHG4
IGHV3-73,0,0,Vaccine,IGHG4
IGHV3-74,0,0,Vaccine,IGHG4
IGHV3-9,0,0,Vaccine,IGHG4
IGHV3-NL1,0,0,Vaccine,IGHG4
IGHV4-28,0,0,Vaccine,IGHG4
IGHV4-30-2,0,0,Vaccine,IGHG4
IGHV4-30-4,0,5,Vaccine,IGHG4
IGHV4-31,1.369863014,5,Vaccine,IGHG4
IGHV4-34,4.109589041,5,Vaccine,IGHG4
IGHV4-38-2,0,0,Vaccine,IGHG4
IGHV4-39,8.219178082,5,Vaccine,IGHG4
IGHV4-4,0,0,Vaccine,IGHG4
IGHV4-59,0,5,Vaccine,IGHG4
IGHV4-61,1.369863014,25,Vaccine,IGHG4
IGHV5-10-1,0,0,Vaccine,IGHG4
IGHV5-51,0,0,Vaccine,IGHG4
IGHV6-1,2.739726027,0,Vaccine,IGHG4
IGHV7-4-1,0,0,Vaccine,IGHG4
IGHV7-81,0,0,Vaccine,IGHG4
IGHV1-18,0,0,Vaccine,IGHE
IGHV1-2,0,0,Vaccine,IGHE
IGHV1-24,0,0,Vaccine,IGHE
IGHV1-3,0,0,Vaccine,IGHE
IGHV1-45,0,0,Vaccine,IGHE
IGHV1-46,0,0,Vaccine,IGHE
IGHV1-58,0,0,Vaccine,IGHE
IGHV1-69,0,0,Vaccine,IGHE
IGHV1-69-2,0,0,Vaccine,IGHE
IGHV1-8,0,20,Vaccine,IGHE
IGHV2-26,0,0,Vaccine,IGHE
IGHV2-5,0,0,Vaccine,IGHE
IGHV2-70,0,0,Vaccine,IGHE
IGHV2-70D,0,0,Vaccine,IGHE
IGHV3-11,0,0,Vaccine,IGHE
IGHV3-13,0,0,Vaccine,IGHE
IGHV3-15,0,0,Vaccine,IGHE
IGHV3-20,0,0,Vaccine,IGHE
IGHV3-21,100,0,Vaccine,IGHE
IGHV3-23,0,60,Vaccine,IGHE
IGHV3-25,0,0,Vaccine,IGHE
IGHV3-30,0,0,Vaccine,IGHE
IGHV3-30-3,0,0,Vaccine,IGHE
IGHV3-33,0,0,Vaccine,IGHE
IGHV3-35,0,0,Vaccine,IGHE
IGHV3-38,0,0,Vaccine,IGHE
IGHV3-38-3,0,0,Vaccine,IGHE
IGHV3-43,0,0,Vaccine,IGHE
IGHV3-43D,0,0,Vaccine,IGHE
IGHV3-48,0,0,Vaccine,IGHE
IGHV3-49,0,0,Vaccine,IGHE
IGHV3-53,0,0,Vaccine,IGHE
IGHV3-64,0,0,Vaccine,IGHE
IGHV3-64D,0,0,Vaccine,IGHE
IGHV3-66,0,0,Vaccine,IGHE
IGHV3-7,0,0,Vaccine,IGHE
IGHV3-72,0,0,Vaccine,IGHE
IGHV3-73,0,20,Vaccine,IGHE
IGHV3-74,0,0,Vaccine,IGHE
IGHV3-9,0,0,Vaccine,IGHE
IGHV3-NL1,0,0,Vaccine,IGHE
IGHV4-28,0,0,Vaccine,IGHE
IGHV4-30-2,0,0,Vaccine,IGHE
IGHV4-30-4,0,0,Vaccine,IGHE
IGHV4-31,0,0,Vaccine,IGHE
IGHV4-34,0,0,Vaccine,IGHE
IGHV4-38-2,0,0,Vaccine,IGHE
IGHV4-39,0,0,Vaccine,IGHE
IGHV4-4,0,0,Vaccine,IGHE
IGHV4-59,0,0,Vaccine,IGHE
IGHV4-61,0,0,Vaccine,IGHE
IGHV5-10-1,0,0,Vaccine,IGHE
IGHV5-51,0,0,Vaccine,IGHE
IGHV6-1,0,0,Vaccine,IGHE
IGHV7-4-1,0,0,Vaccine,IGHE
IGHV7-81,0,0,Vaccine,IGHE