"","sample","freq.perc","isotype","timepoint","cohort"
"1","B05",6.31450194939225,"IGHA1","1.PRE","1.Measles"
"2","B05",0.940295084473664,"IGHA2","1.PRE","1.Measles"
"3","B05",26.1142114517239,"IGHD","1.PRE","1.Measles"
"4","B05",5.78701934102897,"IGHD/IGHM","1.PRE","1.Measles"
"5","B05",0.244629615472823,"IGHG1","1.PRE","1.Measles"
"6","B05",0.0917361058023087,"IGHG2","1.PRE","1.Measles"
"7","B05",0.428101827077441,"IGHG3","1.PRE","1.Measles"
"8","B05",60.0795046250287,"IGHM","1.PRE","1.Measles"
"9","B05",14.7613762486127,"IGHA1","2.POST","1.Measles"
"10","B05",10.7658157602664,"IGHA2","2.POST","1.Measles"
"11","B05",11.9126896041435,"IGHD","2.POST","1.Measles"
"12","B05",1.22086570477248,"IGHD/IGHM","2.POST","1.Measles"
"13","B05",2.83018867924528,"IGHG1","2.POST","1.Measles"
"14","B05",2.57121716611173,"IGHG2","2.POST","1.Measles"
"15","B05",0.924898261191269,"IGHG3","2.POST","1.Measles"
"16","B05",55.0129485756567,"IGHM","2.POST","1.Measles"
"17","B07",27.4503523382447,"IGHA1","1.PRE","1.Measles"
"18","B07",9.41704035874439,"IGHA2","1.PRE","1.Measles"
"19","B07",8.36002562459961,"IGHD","1.PRE","1.Measles"
"20","B07",0.51249199231262,"IGHD/IGHM","1.PRE","1.Measles"
"21","B07",3.07495195387572,"IGHG1","1.PRE","1.Measles"
"22","B07",3.52338244714926,"IGHG2","1.PRE","1.Measles"
"23","B07",0.896860986547085,"IGHG3","1.PRE","1.Measles"
"24","B07",0.448430493273543,"IGHG4","1.PRE","1.Measles"
"25","B07",46.316463805253,"IGHM","1.PRE","1.Measles"
"26","B07",23.3943661971831,"IGHA1","2.POST","1.Measles"
"27","B07",12.6197183098592,"IGHA2","2.POST","1.Measles"
"28","B07",5.80281690140845,"IGHD","2.POST","1.Measles"
"29","B07",0.830985915492958,"IGHD/IGHM","2.POST","1.Measles"
"30","B07",4.25352112676056,"IGHG1","2.POST","1.Measles"
"31","B07",3.74647887323944,"IGHG2","2.POST","1.Measles"
"32","B07",0.943661971830986,"IGHG3","2.POST","1.Measles"
"33","B07",0.197183098591549,"IGHG4","2.POST","1.Measles"
"34","B07",48.2112676056338,"IGHM","2.POST","1.Measles"
"35","B08",24.7749881572714,"IGHA1","1.PRE","1.Measles"
"36","B08",10.1215853465972,"IGHA2","1.PRE","1.Measles"
"37","B08",5.66871940628454,"IGHD","1.PRE","1.Measles"
"38","B08",1.15269224696037,"IGHD/IGHM","1.PRE","1.Measles"
"39","B08",1.78430443707564,"IGHE","1.PRE","1.Measles"
"40","B08",4.98973630191063,"IGHG1","1.PRE","1.Measles"
"41","B08",5.52660666350861,"IGHG2","1.PRE","1.Measles"
"42","B08",0.742144323385441,"IGHG3","1.PRE","1.Measles"
"43","B08",0.0315806095057635,"IGHG4","1.PRE","1.Measles"
"44","B08",45.2076425075004,"IGHM","1.PRE","1.Measles"
"45","B08",39.4682176983797,"IGHA1","2.POST","1.Measles"
"46","B08",23.5147486497715,"IGHA2","2.POST","1.Measles"
"47","B08",4.59077690070627,"IGHD","2.POST","1.Measles"
"48","B08",0.373909430826755,"IGHD/IGHM","2.POST","1.Measles"
"49","B08",5.65018695471541,"IGHG1","2.POST","1.Measles"
"50","B08",4.27918570835064,"IGHG2","2.POST","1.Measles"
"51","B08",0.706273369339427,"IGHG3","2.POST","1.Measles"
"52","B08",21.4167012879103,"IGHM","2.POST","1.Measles"
"53","B09",24.9245297623655,"IGHA1","1.PRE","1.Measles"
"54","B09",14.5676909977552,"IGHA2","1.PRE","1.Measles"
"55","B09",8.5300719869959,"IGHD","1.PRE","1.Measles"
"56","B09",1.0294914467064,"IGHD/IGHM","1.PRE","1.Measles"
"57","B09",0.541837603529685,"IGHE","1.PRE","1.Measles"
"58","B09",8.34429909435715,"IGHG1","1.PRE","1.Measles"
"59","B09",3.67675516680858,"IGHG2","1.PRE","1.Measles"
"60","B09",0.580540289496091,"IGHG3","1.PRE","1.Measles"
"61","B09",0.201253967025312,"IGHG4","1.PRE","1.Measles"
"62","B09",37.6035296849601,"IGHM","1.PRE","1.Measles"
"63","B09",27.7656769460048,"IGHA1","2.POST","1.Measles"
"64","B09",23.9137911269059,"IGHA2","2.POST","1.Measles"
"65","B09",6.70640834575261,"IGHD","2.POST","1.Measles"
"66","B09",0.745156482861401,"IGHD/IGHM","2.POST","1.Measles"
"67","B09",7.60059612518629,"IGHG1","2.POST","1.Measles"
"68","B09",3.95506133211051,"IGHG2","2.POST","1.Measles"
"69","B09",0.470021781497191,"IGHG3","2.POST","1.Measles"
"70","B09",0.252206809583859,"IGHG4","2.POST","1.Measles"
"71","B09",28.5910810500974,"IGHM","2.POST","1.Measles"
"72","B12",31.6126963770439,"IGHA1","1.PRE","1.Measles"
"73","B12",7.69477396601475,"IGHA2","1.PRE","1.Measles"
"74","B12",7.63065084963129,"IGHD","1.PRE","1.Measles"
"75","B12",0.993908303943572,"IGHD/IGHM","1.PRE","1.Measles"
"76","B12",3.01378647002244,"IGHG1","1.PRE","1.Measles"
"77","B12",2.72523244629689,"IGHG2","1.PRE","1.Measles"
"78","B12",0.705354280218019,"IGHG3","1.PRE","1.Measles"
"79","B12",45.6235973068291,"IGHM","1.PRE","1.Measles"
"80","B12",0.66996795805418,"IGHG3","2.POST","1.Measles"
"81","B12",41.421497232741,"IGHM","2.POST","1.Measles"
"82","B12",29.3038159044567,"IGHA1","2.POST","1.Measles"
"83","B12",11.9429070783571,"IGHA2","2.POST","1.Measles"
"84","B12",4.86454995630644,"IGHD","2.POST","1.Measles"
"85","B12",0.69909699970871,"IGHD/IGHM","2.POST","1.Measles"
"86","B12",6.67055053888727,"IGHG1","2.POST","1.Measles"
"87","B12",4.42761433148849,"IGHG2","2.POST","1.Measles"
"88","B13",2.25819547345986,"IGHA1","1.PRE","1.Measles"
"89","B13",0.345072566730945,"IGHA2","1.PRE","1.Measles"
"90","B13",19.5422713894245,"IGHD","1.PRE","1.Measles"
"91","B13",3.384755911905,"IGHD/IGHM","1.PRE","1.Measles"
"92","B13",0.497310463818126,"IGHG1","1.PRE","1.Measles"
"93","B13",0.182685476504618,"IGHG2","1.PRE","1.Measles"
"94","B13",0.0761189485435908,"IGHG3","1.PRE","1.Measles"
"95","B13",73.7135897696133,"IGHM","1.PRE","1.Measles"
"96","B13",14.709201184823,"IGHA1","2.POST","1.Measles"
"97","B13",5.08251445766138,"IGHA2","2.POST","1.Measles"
"98","B13",14.3119093516385,"IGHD","2.POST","1.Measles"
"99","B13",2.80925290328647,"IGHD/IGHM","2.POST","1.Measles"
"100","B13",4.72988857021957,"IGHG1","2.POST","1.Measles"
"101","B13",1.47632704875641,"IGHG2","2.POST","1.Measles"
"102","B13",1.1848229818045,"IGHG3","2.POST","1.Measles"
"103","B13",0.0258592317457332,"IGHG4","2.POST","1.Measles"
"104","B13",55.6702242700644,"IGHM","2.POST","1.Measles"
"105","B16",35.6693620844564,"IGHA1","1.PRE","1.Measles"
"106","B16",10.4222821203953,"IGHA2","1.PRE","1.Measles"
"107","B16",5.12129380053908,"IGHD","1.PRE","1.Measles"
"108","B16",0.381850853548967,"IGHD/IGHM","1.PRE","1.Measles"
"109","B16",13.0053908355795,"IGHG1","1.PRE","1.Measles"
"110","B16",3.50404312668464,"IGHG2","1.PRE","1.Measles"
"111","B16",1.95417789757412,"IGHG3","1.PRE","1.Measles"
"112","B16",29.9415992812219,"IGHM","1.PRE","1.Measles"
"113","B16",37.4446976806542,"IGHA1","2.POST","1.Measles"
"114","B16",22.5499396701971,"IGHA2","2.POST","1.Measles"
"115","B16",3.72704115833222,"IGHD","2.POST","1.Measles"
"116","B16",0.227912588818876,"IGHD/IGHM","2.POST","1.Measles"
"117","B16",0.147472851588685,"IGHE","2.POST","1.Measles"
"118","B16",10.8727711489476,"IGHG1","2.POST","1.Measles"
"119","B16",4.92023059391339,"IGHG2","2.POST","1.Measles"
"120","B16",0.375385440407561,"IGHG3","2.POST","1.Measles"
"121","B16",0.0536264914867945,"IGHG4","2.POST","1.Measles"
"122","B16",19.6809223756536,"IGHM","2.POST","1.Measles"
"123","B25",45.4716981132076,"IGHA1","1.PRE","1.Measles"
"124","B25",2.0125786163522,"IGHA2","1.PRE","1.Measles"
"125","B25",18.1761006289308,"IGHD","1.PRE","1.Measles"
"126","B25",0.283018867924528,"IGHD/IGHM","1.PRE","1.Measles"
"127","B25",0.0314465408805031,"IGHE","1.PRE","1.Measles"
"128","B25",9.59119496855346,"IGHG1","1.PRE","1.Measles"
"129","B25",1.82389937106918,"IGHG2","1.PRE","1.Measles"
"130","B25",2.51572327044025,"IGHG3","1.PRE","1.Measles"
"131","B25",20.0943396226415,"IGHM","1.PRE","1.Measles"
"132","B25",7.95727893774656,"IGHG1","2.POST","1.Measles"
"133","B25",3.67555085153469,"IGHG2","2.POST","1.Measles"
"134","B25",1.36630424324064,"IGHG3","2.POST","1.Measles"
"135","B25",0.0481093043394593,"IGHG4","2.POST","1.Measles"
"136","B25",38.3816030020206,"IGHM","2.POST","1.Measles"
"137","B25",33.715000481093,"IGHA1","2.POST","1.Measles"
"138","B25",7.73597613778505,"IGHA2","2.POST","1.Measles"
"139","B25",5.94631001635716,"IGHD","2.POST","1.Measles"
"140","B25",0.750505147695564,"IGHD/IGHM","2.POST","1.Measles"
"141","B25",0.423361878187241,"IGHE","2.POST","1.Measles"
"142","B27",15.6670543279615,"IGHA1","1.PRE","1.Measles"
"143","B27",6.21365675361356,"IGHA2","1.PRE","1.Measles"
"144","B27",36.7959793985712,"IGHD","1.PRE","1.Measles"
"145","B27",0.851470343910949,"IGHD/IGHM","1.PRE","1.Measles"
"146","B27",0.116298388436617,"IGHE","1.PRE","1.Measles"
"147","B27",5.26665559062967,"IGHG1","1.PRE","1.Measles"
"148","B27",2.99883701611563,"IGHG2","1.PRE","1.Measles"
"149","B27",0.120451902309354,"IGHG3","1.PRE","1.Measles"
"150","B27",0.0955308190729357,"IGHG4","1.PRE","1.Measles"
"151","B27",31.8740654593786,"IGHM","1.PRE","1.Measles"
"152","B27",32.615268329554,"IGHA1","2.POST","1.Measles"
"153","B27",15.239984882842,"IGHA2","2.POST","1.Measles"
"154","B27",5.2437641723356,"IGHD","2.POST","1.Measles"
"155","B27",0.566893424036281,"IGHD/IGHM","2.POST","1.Measles"
"156","B27",0.387377173091459,"IGHE","2.POST","1.Measles"
"157","B27",10.2607709750567,"IGHG1","2.POST","1.Measles"
"158","B27",6.16969009826153,"IGHG2","2.POST","1.Measles"
"159","B27",0.245653817082389,"IGHG3","2.POST","1.Measles"
"160","B27",0.0377928949357521,"IGHG4","2.POST","1.Measles"
"161","B27",29.2328042328042,"IGHM","2.POST","1.Measles"
"162","B28",23.0784469096672,"IGHA1","1.PRE","1.Measles"
"163","B28",5.20998415213946,"IGHA2","1.PRE","1.Measles"
"164","B28",6.67591125198098,"IGHD","1.PRE","1.Measles"
"165","B28",1.14896988906498,"IGHD/IGHM","1.PRE","1.Measles"
"166","B28",0.198098256735341,"IGHE","1.PRE","1.Measles"
"167","B28",4.16006339144216,"IGHG1","1.PRE","1.Measles"
"168","B28",3.26862123613312,"IGHG2","1.PRE","1.Measles"
"169","B28",0.832012678288431,"IGHG3","1.PRE","1.Measles"
"170","B28",0.138668779714739,"IGHG4","1.PRE","1.Measles"
"171","B28",55.2892234548336,"IGHM","1.PRE","1.Measles"
"172","B28",46.6666666666667,"IGHA1","2.POST","1.Measles"
"173","B28",8.42767295597484,"IGHA2","2.POST","1.Measles"
"174","B28",3.29140461215933,"IGHD","2.POST","1.Measles"
"175","B28",0.356394129979036,"IGHD/IGHM","2.POST","1.Measles"
"176","B28",7.73584905660377,"IGHG1","2.POST","1.Measles"
"177","B28",2.93501048218029,"IGHG2","2.POST","1.Measles"
"178","B28",0.314465408805031,"IGHG3","2.POST","1.Measles"
"179","B28",30.272536687631,"IGHM","2.POST","1.Measles"
"180","B29",20.6474684735554,"IGHA1","1.PRE","1.Measles"
"181","B29",6.06060606060606,"IGHA2","1.PRE","1.Measles"
"182","B29",6.79465462074158,"IGHD","1.PRE","1.Measles"
"183","B29",1.09166196122718,"IGHD/IGHM","1.PRE","1.Measles"
"184","B29",0.338791643139469,"IGHE","1.PRE","1.Measles"
"185","B29",3.44438170525127,"IGHG1","1.PRE","1.Measles"
"186","B29",2.99265951439864,"IGHG2","1.PRE","1.Measles"
"187","B29",0.959909655561829,"IGHG3","1.PRE","1.Measles"
"188","B29",0.112930547713156,"IGHG4","1.PRE","1.Measles"
"189","B29",57.5569358178054,"IGHM","1.PRE","1.Measles"
"190","B29",25.929090132422,"IGHA1","2.POST","1.Measles"
"191","B29",15.4634771465186,"IGHA2","2.POST","1.Measles"
"192","B29",2.00768902178556,"IGHD","2.POST","1.Measles"
"193","B29",0.128150363092695,"IGHD/IGHM","2.POST","1.Measles"
"194","B29",6.23665100384451,"IGHG1","2.POST","1.Measles"
"195","B29",0.939769329346433,"IGHG2","2.POST","1.Measles"
"196","B29",0.170867150790261,"IGHG3","2.POST","1.Measles"
"197","B29",49.1243058521999,"IGHM","2.POST","1.Measles"
"198","B35",33.0389882511412,"IGHA1","1.PRE","1.Measles"
"199","B35",16.4484023048717,"IGHA2","1.PRE","1.Measles"
"200","B35",5.95674623961685,"IGHD","1.PRE","1.Measles"
"201","B35",0.76330165382025,"IGHD/IGHM","1.PRE","1.Measles"
"202","B35",0.688468158347676,"IGHE","1.PRE","1.Measles"
"203","B35",3.1055900621118,"IGHG1","1.PRE","1.Measles"
"204","B35",7.25136571129238,"IGHG2","1.PRE","1.Measles"
"205","B35",0.14218364139789,"IGHG3","1.PRE","1.Measles"
"206","B35",32.6049539774003,"IGHM","1.PRE","1.Measles"
"207","B35",19.327731092437,"IGHA1","2.POST","1.Measles"
"208","B35",9.13408841797589,"IGHA2","2.POST","1.Measles"
"209","B35",3.98246255023749,"IGHD","2.POST","1.Measles"
"210","B35",1.01388381439532,"IGHD/IGHM","2.POST","1.Measles"
"211","B35",5.65400073072707,"IGHG1","2.POST","1.Measles"
"212","B35",6.0239313116551,"IGHG2","2.POST","1.Measles"
"213","B35",0.662221410303252,"IGHG3","2.POST","1.Measles"
"214","B35",54.2016806722689,"IGHM","2.POST","1.Measles"
"215","B42",22.4642464246425,"IGHA1","1.PRE","1.Measles"
"216","B42",11.3751375137514,"IGHA2","1.PRE","1.Measles"
"217","B42",7.17271727172717,"IGHD","1.PRE","1.Measles"
"218","B42",1.25412541254125,"IGHD/IGHM","1.PRE","1.Measles"
"219","B42",0.88008800880088,"IGHE","1.PRE","1.Measles"
"220","B42",7.28272827282728,"IGHG1","1.PRE","1.Measles"
"221","B42",4.07040704070407,"IGHG2","1.PRE","1.Measles"
"222","B42",1.16611661166117,"IGHG3","1.PRE","1.Measles"
"223","B42",0.616061606160616,"IGHG4","1.PRE","1.Measles"
"224","B42",43.7183718371837,"IGHM","1.PRE","1.Measles"
"225","B42",23.5517568850902,"IGHA1","2.POST","1.Measles"
"226","B42",6.97056030389364,"IGHA2","2.POST","1.Measles"
"227","B42",3.79867046533713,"IGHD","2.POST","1.Measles"
"228","B42",0.484330484330484,"IGHD/IGHM","2.POST","1.Measles"
"229","B42",0.0284900284900285,"IGHE","2.POST","1.Measles"
"230","B42",9.31623931623932,"IGHG1","2.POST","1.Measles"
"231","B42",2.89648622981956,"IGHG2","2.POST","1.Measles"
"232","B42",6.1633428300095,"IGHG3","2.POST","1.Measles"
"233","B42",0.104463437796771,"IGHG4","2.POST","1.Measles"
"234","B42",46.6856600189934,"IGHM","2.POST","1.Measles"
"235","B50",39.0135699373695,"IGHA1","1.PRE","1.Measles"
"236","B50",24.6085594989562,"IGHA2","1.PRE","1.Measles"
"237","B50",5.45407098121086,"IGHD","1.PRE","1.Measles"
"238","B50",0.495824634655532,"IGHD/IGHM","1.PRE","1.Measles"
"239","B50",3.07933194154488,"IGHG1","1.PRE","1.Measles"
"240","B50",3.4446764091858,"IGHG2","1.PRE","1.Measles"
"241","B50",0.417536534446764,"IGHG3","1.PRE","1.Measles"
"242","B50",23.4864300626305,"IGHM","1.PRE","1.Measles"
"243","B50",49.4837758112094,"IGHA1","2.POST","1.Measles"
"244","B50",9.19985250737463,"IGHA2","2.POST","1.Measles"
"245","B50",8.84955752212389,"IGHD","2.POST","1.Measles"
"246","B50",0.0737463126843658,"IGHD/IGHM","2.POST","1.Measles"
"247","B50",8.16740412979351,"IGHG1","2.POST","1.Measles"
"248","B50",0.958702064896755,"IGHG2","2.POST","1.Measles"
"249","B50",3.31858407079646,"IGHG3","2.POST","1.Measles"
"250","B50",19.9483775811209,"IGHM","2.POST","1.Measles"
"251","B51",17.5892206846322,"IGHA1","1.PRE","1.Measles"
"252","B51",39.4756008739985,"IGHA2","1.PRE","1.Measles"
"253","B51",7.57465404224326,"IGHD","1.PRE","1.Measles"
"254","B51",0.473415877640204,"IGHD/IGHM","1.PRE","1.Measles"
"255","B51",2.25782957028405,"IGHG1","1.PRE","1.Measles"
"256","B51",1.20174799708667,"IGHG2","1.PRE","1.Measles"
"257","B51",0.364166059723234,"IGHG3","1.PRE","1.Measles"
"258","B51",31.0633648943918,"IGHM","1.PRE","1.Measles"
"259","B51",19.5208023774146,"IGHA1","2.POST","1.Measles"
"260","B51",42.8166790490342,"IGHA2","2.POST","1.Measles"
"261","B51",4.65731797919762,"IGHD","2.POST","1.Measles"
"262","B51",0.218239227340267,"IGHD/IGHM","2.POST","1.Measles"
"263","B51",3.7147102526003,"IGHG1","2.POST","1.Measles"
"264","B51",1.60661218424963,"IGHG2","2.POST","1.Measles"
"265","B51",0.190378900445765,"IGHG3","2.POST","1.Measles"
"266","B51",0.905460624071323,"IGHG4","2.POST","1.Measles"
"267","B51",26.3697994056464,"IGHM","2.POST","1.Measles"
"268","B52",27.5732217573222,"IGHA1","1.PRE","1.Measles"
"269","B52",14.8535564853556,"IGHA2","1.PRE","1.Measles"
"270","B52",7.57322175732217,"IGHD","1.PRE","1.Measles"
"271","B52",0.794979079497908,"IGHD/IGHM","1.PRE","1.Measles"
"272","B52",3.80753138075314,"IGHG1","1.PRE","1.Measles"
"273","B52",1.79916317991632,"IGHG2","1.PRE","1.Measles"
"274","B52",1.33891213389121,"IGHG3","1.PRE","1.Measles"
"275","B52",42.2594142259414,"IGHM","1.PRE","1.Measles"
"276","B52",30.5785123966942,"IGHA1","2.POST","1.Measles"
"277","B52",27.6459610770461,"IGHA2","2.POST","1.Measles"
"278","B52",0.533191149026926,"IGHD/IGHM","2.POST","1.Measles"
"279","B52",4.7187416688883,"IGHG1","2.POST","1.Measles"
"280","B52",0.346574246867502,"IGHG3","2.POST","1.Measles"
"281","B52",26.4729405491869,"IGHM","2.POST","1.Measles"
"282","B52",2.61263663023194,"IGHG2","2.POST","1.Measles"
"283","B52",7.09144228205812,"IGHD","2.POST","1.Measles"
"284","B54",29.2996092240306,"IGHA1","1.PRE","1.Measles"
"285","B54",10.2117061021171,"IGHA2","1.PRE","1.Measles"
"286","B54",9.25838450637695,"IGHD","1.PRE","1.Measles"
"287","B54",0.772963456005497,"IGHD/IGHM","1.PRE","1.Measles"
"288","B54",4.93408339416842,"IGHG1","1.PRE","1.Measles"
"289","B54",4.38871473354232,"IGHG2","1.PRE","1.Measles"
"290","B54",1.97105681281402,"IGHG3","1.PRE","1.Measles"
"291","B54",0.017176965689011,"IGHG4","1.PRE","1.Measles"
"292","B54",39.1463048052562,"IGHM","1.PRE","1.Measles"
"293","B54",1.22679752506934,"IGHG3","2.POST","1.Measles"
"294","B54",0.0106678045658204,"IGHG4","2.POST","1.Measles"
"295","B54",41.3590783016855,"IGHM","2.POST","1.Measles"
"296","B54",4.64049498613185,"IGHG2","2.POST","1.Measles"
"297","B54",0.928098997226371,"IGHD/IGHM","2.POST","1.Measles"
"298","B54",29.6351610838489,"IGHA1","2.POST","1.Measles"
"299","B54",7.78749733304886,"IGHA2","2.POST","1.Measles"
"300","B54",9.05696607638148,"IGHD","2.POST","1.Measles"
"301","B54",5.35523789204182,"IGHG1","2.POST","1.Measles"
"987","B71",36.365568544102,"IGHA1","1.PRE","1.Measles"
"988","B71",9.85122210414453,"IGHA2","1.PRE","1.Measles"
"989","B71",6.68437832093518,"IGHD","1.PRE","1.Measles"
"990","B71",0.75451647183847,"IGHD/IGHM","1.PRE","1.Measles"
"991","B71",4.6865037194474,"IGHG1","1.PRE","1.Measles"
"992","B71",5.3134962805526,"IGHG2","1.PRE","1.Measles"
"993","B71",0.552603613177471,"IGHG3","1.PRE","1.Measles"
"994","B71",0.0106269925611052,"IGHG4","1.PRE","1.Measles"
"995","B71",35.7810839532412,"IGHM","1.PRE","1.Measles"
"996","B71",27.5899368435744,"IGHA1","2.POST","1.Measles"
"997","B71",14.4387452458216,"IGHA2","2.POST","1.Measles"
"998","B71",7.08328971701734,"IGHD","2.POST","1.Measles"
"999","B71",0.457098991590774,"IGHD/IGHM","2.POST","1.Measles"
"1000","B71",6.39589657699152,"IGHG1","2.POST","1.Measles"
"1001","B71",7.407795107994,"IGHG2","2.POST","1.Measles"
"1002","B71",0.481524128546007,"IGHG3","2.POST","1.Measles"
"1003","B71",36.1457133884644,"IGHM","2.POST","1.Measles"
"1004","B75",24.5098039215686,"IGHA1","1.PRE","1.Measles"
"1005","B75",8.97207367795603,"IGHA2","1.PRE","1.Measles"
"1006","B75",17.654486036839,"IGHD","1.PRE","1.Measles"
"1007","B75",0.571895424836601,"IGHD/IGHM","1.PRE","1.Measles"
"1008","B75",7.69459298871064,"IGHG1","1.PRE","1.Measles"
"1009","B75",2.54010695187166,"IGHG2","1.PRE","1.Measles"
"1010","B75",0.259952465834819,"IGHG3","1.PRE","1.Measles"
"1011","B75",0.00742721330956625,"IGHG4","1.PRE","1.Measles"
"1012","B75",37.7896613190731,"IGHM","1.PRE","1.Measles"
"1013","B75",18.3373835560956,"IGHA1","2.POST","1.Measles"
"1014","B75",14.8845686512758,"IGHA2","2.POST","1.Measles"
"1015","B75",9.5787768327258,"IGHD","2.POST","1.Measles"
"1016","B75",0.354394491697043,"IGHD/IGHM","2.POST","1.Measles"
"1017","B75",6.81449979748886,"IGHG1","2.POST","1.Measles"
"1018","B75",5.17415957877683,"IGHG2","2.POST","1.Measles"
"1019","B75",0.911300121506683,"IGHG3","2.POST","1.Measles"
"1020","B75",0.172134467395707,"IGHG4","2.POST","1.Measles"
"1021","B75",43.7727825030377,"IGHM","2.POST","1.Measles"
"1022","B78",38.3220702159222,"IGHA1","1.PRE","1.Measles"
"1023","B78",14.2080105488709,"IGHA2","1.PRE","1.Measles"
"1024","B78",4.99423108620405,"IGHD","1.PRE","1.Measles"
"1025","B78",0.0988956650733476,"IGHD/IGHM","1.PRE","1.Measles"
"1026","B78",4.64809625844734,"IGHG1","1.PRE","1.Measles"
"1027","B78",3.09873083896489,"IGHG2","1.PRE","1.Measles"
"1028","B78",0.708752266358991,"IGHG3","1.PRE","1.Measles"
"1029","B78",0.115378275918906,"IGHG4","1.PRE","1.Measles"
"1030","B78",33.8058348442393,"IGHM","1.PRE","1.Measles"
"1031","B78",3.70468377877745,"IGHD","2.POST","1.Measles"
"1032","B78",0.21169621593014,"IGHD/IGHM","2.POST","1.Measles"
"1033","B78",9.02355120402223,"IGHG1","2.POST","1.Measles"
"1034","B78",8.54723471817941,"IGHG2","2.POST","1.Measles"
"1035","B78",2.56681661815295,"IGHG3","2.POST","1.Measles"
"1036","B78",0.291082296903943,"IGHG4","2.POST","1.Measles"
"1037","B78",24.3715268589574,"IGHM","2.POST","1.Measles"
"1038","B78",31.7015083355385,"IGHA1","2.POST","1.Measles"
"1039","B78",19.581899973538,"IGHA2","2.POST","1.Measles"
"1040","B83",39.3849206349206,"IGHA1","1.PRE","1.Measles"
"1041","B83",7.78769841269841,"IGHA2","1.PRE","1.Measles"
"1042","B83",4.26587301587302,"IGHD","1.PRE","1.Measles"
"1043","B83",0.694444444444444,"IGHD/IGHM","1.PRE","1.Measles"
"1044","B83",15.1785714285714,"IGHG1","1.PRE","1.Measles"
"1045","B83",2.57936507936508,"IGHG2","1.PRE","1.Measles"
"1046","B83",0.64484126984127,"IGHG3","1.PRE","1.Measles"
"1047","B83",29.4642857142857,"IGHM","1.PRE","1.Measles"
"1048","B83",24.5769693896952,"IGHA1","2.POST","1.Measles"
"1049","B83",19.1140122948222,"IGHA2","2.POST","1.Measles"
"1050","B83",7.35788072754927,"IGHD","2.POST","1.Measles"
"1051","B83",0.861905063692249,"IGHD/IGHM","2.POST","1.Measles"
"1052","B83",7.87122124342481,"IGHG1","2.POST","1.Measles"
"1053","B83",10.1654097217821,"IGHG2","2.POST","1.Measles"
"1054","B83",0.887255212624374,"IGHG3","2.POST","1.Measles"
"1055","B83",29.1653463464098,"IGHM","2.POST","1.Measles"
"1056","B84",33.8103025347506,"IGHA1","1.PRE","1.Measles"
"1057","B84",25.7154538021259,"IGHA2","1.PRE","1.Measles"
"1058","B84",4.74243663123467,"IGHD","1.PRE","1.Measles"
"1059","B84",0.654129190515127,"IGHD/IGHM","1.PRE","1.Measles"
"1060","B84",1.26737530662306,"IGHG1","1.PRE","1.Measles"
"1061","B84",3.18887980376124,"IGHG2","1.PRE","1.Measles"
"1062","B84",0.163532297628782,"IGHG3","1.PRE","1.Measles"
"1063","B84",30.4578904333606,"IGHM","1.PRE","1.Measles"
"1064","B84",21.0173410404624,"IGHA1","2.POST","1.Measles"
"1065","B84",7.53757225433526,"IGHA2","2.POST","1.Measles"
"1066","B84",8.6242774566474,"IGHD","2.POST","1.Measles"
"1067","B84",1.8728323699422,"IGHD/IGHM","2.POST","1.Measles"
"1068","B84",3.00578034682081,"IGHG1","2.POST","1.Measles"
"1069","B84",4.11560693641619,"IGHG2","2.POST","1.Measles"
"1070","B84",0.23121387283237,"IGHG3","2.POST","1.Measles"
"1071","B84",0.023121387283237,"IGHG4","2.POST","1.Measles"
"1072","B84",53.5722543352601,"IGHM","2.POST","1.Measles"
"1073","B88",41.4521452145215,"IGHA1","1.PRE","1.Measles"
"1074","B88",10.3960396039604,"IGHA2","1.PRE","1.Measles"
"1075","B88",4.35643564356436,"IGHD","1.PRE","1.Measles"
"1076","B88",0.478547854785479,"IGHD/IGHM","1.PRE","1.Measles"
"1077","B88",4.85148514851485,"IGHG1","1.PRE","1.Measles"
"1078","B88",1.76567656765677,"IGHG2","1.PRE","1.Measles"
"1079","B88",1.35313531353135,"IGHG3","1.PRE","1.Measles"
"1080","B88",35.3465346534653,"IGHM","1.PRE","1.Measles"
"1081","B88",0.753596711577986,"IGHD/IGHM","2.POST","1.Measles"
"1082","B88",8.86047042703814,"IGHG1","2.POST","1.Measles"
"1083","B88",31.1486640785567,"IGHA1","2.POST","1.Measles"
"1084","B88",4.83672071249144,"IGHA2","2.POST","1.Measles"
"1085","B88",5.36195478419731,"IGHD","2.POST","1.Measles"
"1086","B88",2.83626398721169,"IGHG2","2.POST","1.Measles"
"1087","B88",2.19684859556976,"IGHG3","2.POST","1.Measles"
"1088","B88",44.0054807033569,"IGHM","2.POST","1.Measles"
"1089","B90",21.6901408450704,"IGHA1","1.PRE","1.Measles"
"1090","B90",9.35507783543365,"IGHA2","1.PRE","1.Measles"
"1091","B90",19.9258710155671,"IGHD","1.PRE","1.Measles"
"1092","B90",0.518902891030393,"IGHD/IGHM","1.PRE","1.Measles"
"1093","B90",4.00296515937732,"IGHG1","1.PRE","1.Measles"
"1094","B90",4.61082283172721,"IGHG2","1.PRE","1.Measles"
"1095","B90",0.593031875463306,"IGHG3","1.PRE","1.Measles"
"1096","B90",39.3031875463306,"IGHM","1.PRE","1.Measles"
"1097","B90",41.4006024096386,"IGHM","2.POST","1.Measles"
"1098","B90",24.6762048192771,"IGHA1","2.POST","1.Measles"
"1099","B90",14.6234939759036,"IGHA2","2.POST","1.Measles"
"1100","B90",5.77560240963855,"IGHD","2.POST","1.Measles"
"1101","B90",0.519578313253012,"IGHD/IGHM","2.POST","1.Measles"
"1102","B90",0.00753012048192771,"IGHE","2.POST","1.Measles"
"1103","B90",7.83132530120482,"IGHG1","2.POST","1.Measles"
"1104","B90",4.83433734939759,"IGHG2","2.POST","1.Measles"
"1105","B90",0.331325301204819,"IGHG3","2.POST","1.Measles"
"1106","B94",19.4535244321515,"IGHA1","1.PRE","1.Measles"
"1107","B94",2.91677143575559,"IGHA2","1.PRE","1.Measles"
"1108","B94",8.96823401223703,"IGHD","1.PRE","1.Measles"
"1109","B94",1.68468694996228,"IGHD/IGHM","1.PRE","1.Measles"
"1110","B94",0.234682759198726,"IGHE","1.PRE","1.Measles"
"1111","B94",3.82197636409354,"IGHG1","1.PRE","1.Measles"
"1112","B94",0.645377587796497,"IGHG2","1.PRE","1.Measles"
"1113","B94",1.15665074176515,"IGHG3","1.PRE","1.Measles"
"1114","B94",0.40231330148353,"IGHG4","1.PRE","1.Measles"
"1115","B94",60.7157824155561,"IGHM","1.PRE","1.Measles"
"1116","B94",27.0596051632498,"IGHA1","2.POST","1.Measles"
"1117","B94",5.75170842824601,"IGHA2","2.POST","1.Measles"
"1118","B94",10.1303467476588,"IGHD","2.POST","1.Measles"
"1119","B94",0.794102758795242,"IGHD/IGHM","2.POST","1.Measles"
"1120","B94",13.5218931915971,"IGHG1","2.POST","1.Measles"
"1121","B94",2.388635788408,"IGHG2","2.POST","1.Measles"
"1122","B94",1.80334092634776,"IGHG3","2.POST","1.Measles"
"1123","B94",0.0158187800556821,"IGHG4","2.POST","1.Measles"
"1124","B94",38.5345482156416,"IGHM","2.POST","1.Measles"
"1125","B95",46.9073690440959,"IGHA1","1.PRE","1.Measles"
"1126","B95",5.62296537437112,"IGHA2","1.PRE","1.Measles"
"1127","B95",3.69931932524415,"IGHD","1.PRE","1.Measles"
"1128","B95",0.577093814738088,"IGHD/IGHM","1.PRE","1.Measles"
"1129","B95",11.0387688665286,"IGHG1","1.PRE","1.Measles"
"1130","B95",1.46493045279669,"IGHG2","1.PRE","1.Measles"
"1131","B95",2.60432080497189,"IGHG3","1.PRE","1.Measles"
"1132","B95",28.0852323172536,"IGHM","1.PRE","1.Measles"
"1133","B95",12.3461691147281,"IGHG1","2.POST","1.Measles"
"1134","B95",47.3997618102422,"IGHA1","2.POST","1.Measles"
"1135","B95",9.60698689956332,"IGHA2","2.POST","1.Measles"
"1136","B95",2.58038904327114,"IGHD","2.POST","1.Measles"
"1137","B95",0.158793171893609,"IGHD/IGHM","2.POST","1.Measles"
"1138","B95",7.18539102818579,"IGHG2","2.POST","1.Measles"
"1139","B95",1.8261214767765,"IGHG3","2.POST","1.Measles"
"1140","B95",18.8963874553394,"IGHM","2.POST","1.Measles"
"1141","FLU1",30.8515190415062,"IGHA1","1.PRE","2. Vaccine"
"2100","FLU1",18.3711310797318,"IGHA2","1.PRE","2. Vaccine"
"310","FLU1",6.63243474540009,"IGHD","1.PRE","2. Vaccine"
"410","FLU1",0.713165026387106,"IGHD/IGHM","1.PRE","2. Vaccine"
"510","FLU1",2.21081158180003,"IGHG1","1.PRE","2. Vaccine"
"610","FLU1",0.698901725859364,"IGHG2","1.PRE","2. Vaccine"
"710","FLU1",0.641848523748395,"IGHG3","1.PRE","2. Vaccine"
"810","FLU1",0.0285266010554842,"IGHG4","1.PRE","2. Vaccine"
"910","FLU1",39.8516616745115,"IGHM","1.PRE","2. Vaccine"
"10100","FLU2",30.8500612571859,"IGHA1","1.PRE","2. Vaccine"
"1142","FLU2",13.5802469135802,"IGHA2","1.PRE","2. Vaccine"
"1210","FLU2",3.5340684195646,"IGHD","1.PRE","2. Vaccine"
"1310","FLU2",0.381679389312977,"IGHD/IGHM","1.PRE","2. Vaccine"
"1410","FLU2",3.96758081236453,"IGHG1","1.PRE","2. Vaccine"
"1510","FLU2",4.67910658750353,"IGHG2","1.PRE","2. Vaccine"
"1610","FLU2",1.62567147299972,"IGHG3","1.PRE","2. Vaccine"
"1710","FLU2",0.0942418245217227,"IGHG4","1.PRE","2. Vaccine"
"1810","FLU2",41.2873433229667,"IGHM","1.PRE","2. Vaccine"
"1910","FLU3",40.0286944045911,"IGHA1","1.PRE","2. Vaccine"
"2010","FLU3",12.338593974175,"IGHA2","1.PRE","2. Vaccine"
"2110","FLU3",3.71433126095967,"IGHD","1.PRE","2. Vaccine"
"2210","FLU3",0.446357404750518,"IGHD/IGHM","1.PRE","2. Vaccine"
"2310","FLU3",2.29555236728838,"IGHG1","1.PRE","2. Vaccine"
"2410","FLU3",6.34465168181094,"IGHG2","1.PRE","2. Vaccine"
"2510","FLU3",0.286944045911047,"IGHG3","1.PRE","2. Vaccine"
"2610","FLU3",34.5448748605133,"IGHM","1.PRE","2. Vaccine"
"2710","FLU4",39.1278135048232,"IGHA1","1.PRE","2. Vaccine"
"2810","FLU4",12.1181672025723,"IGHA2","1.PRE","2. Vaccine"
"2910","FLU4",3.74799035369775,"IGHD","1.PRE","2. Vaccine"
"302","FLU4",0.221061093247588,"IGHD/IGHM","1.PRE","2. Vaccine"
"311","FLU4",1.36655948553055,"IGHG1","1.PRE","2. Vaccine"
"321","FLU4",4.20016077170418,"IGHG2","1.PRE","2. Vaccine"
"331","FLU4",0.331591639871383,"IGHG3","1.PRE","2. Vaccine"
"341","FLU4",0.381832797427653,"IGHG4","1.PRE","2. Vaccine"
"351","FLU4",38.5048231511254,"IGHM","1.PRE","2. Vaccine"
"361","FLU5",25.2835136020977,"IGHA1","1.PRE","2. Vaccine"
"371","FLU5",17.1484759095379,"IGHA2","1.PRE","2. Vaccine"
"381","FLU5",6.42412323828253,"IGHD","1.PRE","2. Vaccine"
"391","FLU5",0.524418223533268,"IGHD/IGHM","1.PRE","2. Vaccine"
"401","FLU5",4.98197312356604,"IGHG1","1.PRE","2. Vaccine"
"411","FLU5",5.93248115372009,"IGHG2","1.PRE","2. Vaccine"
"421","FLU5",0.111438872500819,"IGHG3","1.PRE","2. Vaccine"
"431","FLU5",0.0262209111766634,"IGHG4","1.PRE","2. Vaccine"
"441","FLU5",39.5673549655851,"IGHM","1.PRE","2. Vaccine"
"451","FLU6",24.7536667920271,"IGHA1","1.PRE","2. Vaccine"
"461","FLU6",8.14591951861602,"IGHA2","1.PRE","2. Vaccine"
"471","FLU6",5.18239939827003,"IGHD","1.PRE","2. Vaccine"
"4810","FLU6",0.789770590447537,"IGHD/IGHM","1.PRE","2. Vaccine"
"497","FLU6",0.00752162467092892,"IGHE","1.PRE","2. Vaccine"
"501","FLU6",4.54306130124107,"IGHG1","1.PRE","2. Vaccine"
"511","FLU6",3.6404663407296,"IGHG2","1.PRE","2. Vaccine"
"521","FLU6",1.48928168484393,"IGHG3","1.PRE","2. Vaccine"
"531","FLU6",0.0150432493418578,"IGHG4","1.PRE","2. Vaccine"
"541","FLU6",51.432869499812,"IGHM","1.PRE","2. Vaccine"
"551","FLU7",0.383060225579911,"IGHA1","1.PRE","2. Vaccine"
"561","FLU7",0.106405618216642,"IGHA2","1.PRE","2. Vaccine"
"571","FLU7",15.0670355394765,"IGHD","1.PRE","2. Vaccine"
"582","FLU7",2.1777683195006,"IGHD/IGHM","1.PRE","2. Vaccine"
"591","FLU7",6.76739731857842,"IGHG1","1.PRE","2. Vaccine"
"601","FLU7",3.68163439029581,"IGHG2","1.PRE","2. Vaccine"
"611","FLU7",2.51826629779386,"IGHG3","1.PRE","2. Vaccine"
"621","FLU7",69.2984322905583,"IGHM","1.PRE","2. Vaccine"
"631","FLU8",17.5080825665257,"IGHA1","1.PRE","2. Vaccine"
"641","FLU8",10.8430738622233,"IGHA2","1.PRE","2. Vaccine"
"651","FLU8",5.28475503606068,"IGHD","1.PRE","2. Vaccine"
"661","FLU8",0.559562297935837,"IGHD/IGHM","1.PRE","2. Vaccine"
"671","FLU8",5.59562297935837,"IGHG1","1.PRE","2. Vaccine"
"681","FLU8",9.27629942800298,"IGHG2","1.PRE","2. Vaccine"
"691","FLU8",0.982342700820691,"IGHG3","1.PRE","2. Vaccine"
"701","FLU8",0.0870430241233524,"IGHG4","1.PRE","2. Vaccine"
"711","FLU8",49.863218104949,"IGHM","1.PRE","2. Vaccine"
"721","FLU1",0.62111801242236,"IGHA1","2.POST","2. Vaccine"
"731","FLU1",0.0388198757763975,"IGHA2","2.POST","2. Vaccine"
"741","FLU1",15.6055900621118,"IGHD","2.POST","2. Vaccine"
"751","FLU1",1.90217391304348,"IGHD/IGHM","2.POST","2. Vaccine"
"761","FLU1",4.6972049689441,"IGHG1","2.POST","2. Vaccine"
"771","FLU1",3.22204968944099,"IGHG2","2.POST","2. Vaccine"
"781","FLU1",0.892857142857143,"IGHG3","2.POST","2. Vaccine"
"791","FLU1",73.0201863354037,"IGHM","2.POST","2. Vaccine"
"801","FLU2",35.260399606944,"IGHA1","2.POST","2. Vaccine"
"811","FLU2",12.9380936783492,"IGHA2","2.POST","2. Vaccine"
"821","FLU2",3.2099574189322,"IGHD","2.POST","2. Vaccine"
"831","FLU2",0.180150671470685,"IGHD/IGHM","2.POST","2. Vaccine"
"841","FLU2",2.75139207337046,"IGHG1","2.POST","2. Vaccine"
"851","FLU2",5.48640681297085,"IGHG2","2.POST","2. Vaccine"
"861","FLU2",1.80150671470685,"IGHG3","2.POST","2. Vaccine"
"871","FLU2",0.0163773337700622,"IGHG4","2.POST","2. Vaccine"
"881","FLU2",38.3557156894858,"IGHM","2.POST","2. Vaccine"
"891","FLU3",26.1874013488305,"IGHA1","2.POST","2. Vaccine"
"901","FLU3",13.9474817046922,"IGHA2","2.POST","2. Vaccine"
"911","FLU3",2.66896254842876,"IGHD","2.POST","2. Vaccine"
"921","FLU3",0.215238915195867,"IGHD/IGHM","2.POST","2. Vaccine"
"931","FLU3",0.0143492610130578,"IGHE","2.POST","2. Vaccine"
"941","FLU3",4.57741426316545,"IGHG1","2.POST","2. Vaccine"
"951","FLU3",6.95939159133305,"IGHG2","2.POST","2. Vaccine"
"961","FLU3",1.42057684029273,"IGHG3","2.POST","2. Vaccine"
"971","FLU3",44.0091835270484,"IGHM","2.POST","2. Vaccine"
"981","FLU4",25.398362531913,"IGHA1","2.POST","2. Vaccine"
"9910","FLU4",12.0080993045162,"IGHA2","2.POST","2. Vaccine"
"10010","FLU4",4.71872523989788,"IGHD","2.POST","2. Vaccine"
"10110","FLU4",0.352143674619245,"IGHD/IGHM","2.POST","2. Vaccine"
"10210","FLU4",0.0264107755964434,"IGHE","2.POST","2. Vaccine"
"10310","FLU4",3.13407870411128,"IGHG1","2.POST","2. Vaccine"
"10410","FLU4",3.19570384716965,"IGHG2","2.POST","2. Vaccine"
"10510","FLU4",0.23769698036799,"IGHG3","2.POST","2. Vaccine"
"10610","FLU4",0.0264107755964434,"IGHG4","2.POST","2. Vaccine"
"10710","FLU4",50.9023681662118,"IGHM","2.POST","2. Vaccine"
"10810","FLU5",24.4866687097763,"IGHA1","2.POST","2. Vaccine"
"10910","FLU5",7.41648789457554,"IGHA2","2.POST","2. Vaccine"
"11010","FLU5",9.02032894064767,"IGHD","2.POST","2. Vaccine"
"11110","FLU5",0.776381652875677,"IGHD/IGHM","2.POST","2. Vaccine"
"11210","FLU5",5.18949841659005,"IGHG1","2.POST","2. Vaccine"
"11310","FLU5",4.055572581469,"IGHG2","2.POST","2. Vaccine"
"1143","FLU5",1.16457247931352,"IGHG3","2.POST","2. Vaccine"
"1151","FLU5",0.0306466441924609,"IGHG4","2.POST","2. Vaccine"
"1161","FLU5",47.8598426805598,"IGHM","2.POST","2. Vaccine"
"1171","FLU6",27.5829028495251,"IGHA1","2.POST","2. Vaccine"
"1181","FLU6",6.74887518746876,"IGHA2","2.POST","2. Vaccine"
"1191","FLU6",1.19563406098984,"IGHD","2.POST","2. Vaccine"
"1201","FLU6",0.0749875020829862,"IGHD/IGHM","2.POST","2. Vaccine"
"1211","FLU6",0.00416597233794368,"IGHE","2.POST","2. Vaccine"
"1221","FLU6",4.85335777370438,"IGHG1","2.POST","2. Vaccine"
"1231","FLU6",4.45342442926179,"IGHG2","2.POST","2. Vaccine"
"1241","FLU6",1.55807365439093,"IGHG3","2.POST","2. Vaccine"
"1251","FLU6",53.5285785702383,"IGHM","2.POST","2. Vaccine"
"1261","FLU7",0.321941555225359,"IGHA1","2.POST","2. Vaccine"
"1271","FLU7",0.0495294700346706,"IGHA2","2.POST","2. Vaccine"
"1281","FLU7",16.2704309063893,"IGHD","2.POST","2. Vaccine"
"1291","FLU7",2.25359088657751,"IGHD/IGHM","2.POST","2. Vaccine"
"1301","FLU7",2.62506191183754,"IGHG1","2.POST","2. Vaccine"
"1311","FLU7",3.76423972263497,"IGHG2","2.POST","2. Vaccine"
"1321","FLU7",0.470529965329371,"IGHG3","2.POST","2. Vaccine"
"1331","FLU7",74.2446755819713,"IGHM","2.POST","2. Vaccine"
"1341","FLU8",31.6163793103448,"IGHA1","2.POST","2. Vaccine"
"1351","FLU8",18.742816091954,"IGHA2","2.POST","2. Vaccine"
"1361","FLU8",1.99712643678161,"IGHD","2.POST","2. Vaccine"
"1371","FLU8",0.172413793103448,"IGHD/IGHM","2.POST","2. Vaccine"
"1381","FLU8",11.9324712643678,"IGHG1","2.POST","2. Vaccine"
"1391","FLU8",8.3764367816092,"IGHG2","2.POST","2. Vaccine"
"1401","FLU8",0.538793103448276,"IGHG3","2.POST","2. Vaccine"
"1411","FLU8",0.0933908045977011,"IGHG4","2.POST","2. Vaccine"
"1421","FLU8",26.5301724137931,"IGHM","2.POST","2. Vaccine"
"1531","B55",33.4230644987617,"IGHA1","1.PRE","3.Uninfected"
"1541","B55",9.9601593625498,"IGHA2","1.PRE","3.Uninfected"
"1551","B55",7.0636373425218,"IGHD","1.PRE","3.Uninfected"
"1561","B55",0.786045009152579,"IGHD/IGHM","1.PRE","3.Uninfected"
"1571","B55",4.88855389253796,"IGHG1","1.PRE","3.Uninfected"
"1581","B55",5.74997308065037,"IGHG2","1.PRE","3.Uninfected"
"1591","B55",1.22752234306019,"IGHG3","1.PRE","3.Uninfected"
"1601","B55",0.0107677398514052,"IGHG4","1.PRE","3.Uninfected"
"1611","B55",36.8902767309142,"IGHM","1.PRE","3.Uninfected"
"1621","B56",25.372556609251,"IGHA1","1.PRE","3.Uninfected"
"1631","B56",12.6378943293981,"IGHA2","1.PRE","3.Uninfected"
"1641","B56",7.33501064447455,"IGHD","1.PRE","3.Uninfected"
"1651","B56",0.793497193729437,"IGHD/IGHM","1.PRE","3.Uninfected"
"1661","B56",0.0193535900909619,"IGHE","1.PRE","3.Uninfected"
"1671","B56",5.67060189665183,"IGHG1","1.PRE","3.Uninfected"
"1681","B56",4.68356880201277,"IGHG2","1.PRE","3.Uninfected"
"1691","B56",1.37410489645829,"IGHG3","1.PRE","3.Uninfected"
"1701","B56",42.113412037933,"IGHM","1.PRE","3.Uninfected"
"2481","B99",29.1356466876972,"IGHA1","1.PRE","3.Uninfected"
"2491","B99",23.192429022082,"IGHA2","1.PRE","3.Uninfected"
"2501","B99",5.61514195583596,"IGHD","1.PRE","3.Uninfected"
"2511","B99",0.946372239747634,"IGHD/IGHM","1.PRE","3.Uninfected"
"2521","B99",0.0126182965299685,"IGHE","1.PRE","3.Uninfected"
"2531","B99",3.35646687697161,"IGHG1","1.PRE","3.Uninfected"
"2541","B99",3.58359621451104,"IGHG2","1.PRE","3.Uninfected"
"2551","B99",0.593059936908517,"IGHG3","1.PRE","3.Uninfected"
"2561","B99",0.0630914826498423,"IGHG4","1.PRE","3.Uninfected"
"2571","B99",33.5015772870662,"IGHM","1.PRE","3.Uninfected"
"478","B55",19.11695631752,"IGHA1","2.POST","3.Uninfected"
"479","B55",3.24095819633631,"IGHA2","2.POST","3.Uninfected"
"480","B55",12.1888210427431,"IGHD","2.POST","3.Uninfected"
"481","B55",1.90230155002348,"IGHD/IGHM","2.POST","3.Uninfected"
"482","B55",0.0704556129638328,"IGHE","2.POST","3.Uninfected"
"483","B55",9.81681540629403,"IGHG1","2.POST","3.Uninfected"
"484","B55",5.07280413339596,"IGHG2","2.POST","3.Uninfected"
"485","B55",0.328792860497886,"IGHG3","2.POST","3.Uninfected"
"486","B55",48.2620948802255,"IGHM","2.POST","3.Uninfected"
"487","B56",27.9171926281242,"IGHA1","2.POST","3.Uninfected"
"488","B56",9.86114617520828,"IGHA2","2.POST","3.Uninfected"
"489","B56",9.94698308507953,"IGHD","2.POST","3.Uninfected"
"490","B56",0.964402928553396,"IGHD/IGHM","2.POST","3.Uninfected"
"491","B56",0.716990658924514,"IGHE","2.POST","3.Uninfected"
"492","B56",4.54935622317597,"IGHG1","2.POST","3.Uninfected"
"493","B56",1.97929815703105,"IGHG2","2.POST","3.Uninfected"
"494","B56",0.974501388538248,"IGHG3","2.POST","3.Uninfected"
"495","B56",0.0353446099469831,"IGHG4","2.POST","3.Uninfected"
"496","B56",43.0547841454178,"IGHM","2.POST","3.Uninfected"
"574","B99",27.0560883464109,"IGHA1","2.POST","3.Uninfected"
"575","B99",22.667829119442,"IGHA2","2.POST","3.Uninfected"
"576","B99",2.615518744551,"IGHD","2.POST","3.Uninfected"
"577","B99",0.290613193839,"IGHD/IGHM","2.POST","3.Uninfected"
"578","B99",5.3472827666376,"IGHG1","2.POST","3.Uninfected"
"579","B99",8.10810810810811,"IGHG2","2.POST","3.Uninfected"
"580","B99",0.3487358326068,"IGHG3","2.POST","3.Uninfected"
"581","B99",33.5658238884045,"IGHM","2.POST","3.Uninfected"
